run_id,seed,strategy,scenario,sample_index,engine_id,cycle,event_index,scenario_active,degradation_started,actual_rul,predicted_rul,absolute_error,squared_error,rolling_mae,rolling_rmse,anomaly_detected,feature_drift_detected,concept_drift_detected,drift_score,drift_trigger,retraining_triggered,retraining_started,retraining_completed,candidate_id,candidate_mae,candidate_rmse,production_mae,production_rmse,improvement,gate_passed,shadow_started,shadow_completed,shadow_result,promotion_decision,degraded_promotion,model_version,training_time,shadow_evaluation_time,inference_latency
proposed_gradual_drift_seed42_20260822_221231,42,proposed,gradual_drift,0,7,1,0,False,False,125.0,120.33720671394383,4.662793286056171,21.741641228490508,,,False,False,False,0.0,False,False,False,False,,,,,,,,False,False,,,,1,0.0,0.0,0.008599900000263005
proposed_gradual_drift_seed42_20260822_221231,42,proposed,gradual_drift,1,7,2,1,False,False,125.0,104.74771519839301,20.25228480160699,410.1550396854015,,,False,False,False,0.0,False,False,False,False,,,,,,,,False,False,,,,1,0.0,0.0,0.01066269999864744
proposed_gradual_drift_seed42_20260822_221231,42,proposed,gradual_drift,2,7,3,2,False,False,125.0,122.76697646219212,2.233023537807881,4.986394120404025,,,False,False,False,0.0,False,False,False,False,,,,,,,,False,False,,,,1,0.0,0.0,0.009578499997587642
proposed_gradual_drift_seed42_20260822_221231,42,proposed,gradual_drift,3,7,4,3,False,False,125.0,111.37566051365023,13.624339486349768,185.62262643930947,,,False,False,False,0.0,False,False,False,False,,,,,,,,False,False,,,,1,0.0,0.0,0.008261800001491793
proposed_gradual_drift_seed42_20260822_221231,42,proposed,gradual_drift,4,7,5,4,False,False,125.0,117.78866179866581,7.211338201334186,52.00339865402178,,,False,False,False,0.0,False,False,False,False,,,,,,,,False,False,,,,1,0.0,0.0,0.008375299999897834
proposed_gradual_drift_seed42_20260822_221231,42,proposed,gradual_drift,5,7,6,5,False,False,125.0,116.07831699345434,8.921683006545663,79.59642766928567,,,False,False,False,0.0,False,False,False,False,,,,,,,,False,False,,,,1,0.0,0.0,0.00799879999976838
proposed_gradual_drift_seed42_20260822_221231,42,proposed,gradual_drift,6,7,7,6,False,False,125.0,119.80329733280962,5.1967026671903795,27.005718611183603,,,True,False,False,0.0,False,False,False,False,,,,,,,,False,False,,,,1,0.0,0.0,0.008018600001378218
proposed_gradual_drift_seed42_20260822_221231,42,proposed,gradual_drift,7,7,8,7,False,False,125.0,119.08408547910514,5.915914520894859,34.99804461853464,8.502259938473237,10.100181254726516,False,False,False,0.07894955657153721,False,False,False,False,,,,,,,,False,False,,,,1,0.0,0.0,0.0076902000000700355
proposed_gradual_drift_seed42_20260822_221231,42,proposed,gradual_drift,8,7,9,8,False,False,125.0,119.40918347918087,5.590816520819132,31.257229369464145,8.618262842818607,10.158893143248953,False,False,False,0.08002672639760136,False,False,False,False,,,,,,,,False,False,,,,1,0.0,0.0,0.008049700001720339
proposed_gradual_drift_seed42_20260822_221231,42,proposed,gradual_drift,9,7,10,9,False,False,125.0,118.79818251541268,6.201817484587323,38.462540112133034,6.861954428191149,7.532698550273471,False,False,False,0.06371814826177495,False,False,False,False,,,,,,,,False,False,,,,1,0.0,0.0,0.007480399999622023
proposed_gradual_drift_seed42_20260822_221231,42,proposed,gradual_drift,10,7,11,10,False,False,125.0,112.65244072063801,12.347559279361988,152.46222015735833,8.126271395885412,8.670410930510233,False,False,False,0.07545823439036455,False,False,False,False,,,,,,,,False,False,,,,1,0.0,0.0,0.007549099998868769
proposed_gradual_drift_seed42_20260822_221231,42,proposed,gradual_drift,11,7,12,11,False,False,125.0,120.15645369463623,4.843546305363773,23.459940812203058,7.028672248262163,7.409837380167195,False,False,False,0.06526624230529152,False,False,False,False,,,,,,,,False,False,,,,1,0.0,0.0,0.0072872000018833205
proposed_gradual_drift_seed42_20260822_221231,42,proposed,gradual_drift,12,7,13,12,False,False,125.0,121.66718801998145,3.3328119800185476,11.107635694155151,6.543856470597708,7.056466511685555,False,False,False,0.060764381512693005,False,False,False,False,,,,,,,,False,False,,,,1,0.0,0.0,0.007458800002495991
proposed_gradual_drift_seed42_20260822_221231,42,proposed,gradual_drift,13,7,14,13,False,False,125.0,119.49381657064988,5.506183429350116,30.318055957649808,6.116919023448265,6.605597865945612,False,False,False,0.05679996236059103,False,False,False,False,,,,,,,,False,False,,,,1,0.0,0.0,0.007816199999069795
proposed_gradual_drift_seed42_20260822_221231,42,proposed,gradual_drift,14,7,15,14,False,False,125.0,118.65389066836853,6.346109331631467,40.27310364901999,6.260594856503401,6.729958862899146,False,False,False,0.05813409509610301,False,False,False,False,,,,,,,,False,False,,,,1,0.0,0.0,0.008145399999193614
proposed_gradual_drift_seed42_20260822_221231,42,proposed,gradual_drift,15,7,16,15,False,False,125.0,119.58654417625701,5.413455823742993,29.305503955616924,6.197787519359418,6.676883907441409,False,False,False,0.057550884108337454,False,False,False,False,,,,,,,,False,False,,,,1,0.0,0.0,0.008841000002576038
proposed_gradual_drift_seed42_20260822_221231,42,proposed,gradual_drift,16,7,17,16,False,False,125.0,114.57885775046309,10.421142249536913,108.60020578508328,6.80157823544914,7.36536833874603,False,False,False,0.06315751218631345,False,False,False,False,,,,,,,,False,False,,,,1,0.0,0.0,0.008312300000397954
proposed_gradual_drift_seed42_20260822_221231,42,proposed,gradual_drift,17,7,18,17,False,False,125.0,118.02010285636814,6.9798971436318595,48.71896413568019,6.898838192829707,7.451892629952866,False,False,False,0.06406064036199015,False,False,False,False,,,,,,,,False,False,,,,1,0.0,0.0,0.007741500001429813
proposed_gradual_drift_seed42_20260822_221231,42,proposed,gradual_drift,18,7,19,18,False,False,125.0,121.19278296085635,3.8072170391436515,14.494901583145753,5.831295412802415,6.1874703188434985,False,False,False,0.05414774311887957,False,False,False,False,,,,,,,,False,False,,,,1,0.0,0.0,0.007596799998282222
proposed_gradual_drift_seed42_20260822_221231,42,proposed,gradual_drift,19,7,20,19,False,False,125.0,119.14237381614676,5.857626183853242,34.31178450976309,5.958055397613599,6.29613130491767,False,False,False,0.05532480012069771,False,False,False,False,,,,,,,,False,False,,,,1,0.0,0.0,0.007612699999299366
proposed_gradual_drift_seed42_20260822_221231,42,proposed,gradual_drift,20,7,21,20,False,False,125.0,111.50192468111469,13.498075318885313,182.19803731430085,7.2287133149719445,7.812014440032896,False,False,False,0.06712376649616807,False,False,False,False,,,,,,,,False,False,,,,1,0.0,0.0,0.00875600000290433
proposed_gradual_drift_seed42_20260822_221231,42,proposed,gradual_drift,21,7,22,21,False,False,125.0,115.16681147414688,9.833188525853117,96.6915965849694,7.76958895203482,8.32611927549068,True,False,False,0.07214618312603761,False,False,False,False,,,,,,,,False,False,,,,1,0.0,0.0,0.007833100000425475
proposed_gradual_drift_seed42_20260822_221231,42,proposed,gradual_drift,22,7,23,22,False,False,125.0,123.37955021999205,1.6204497800079452,2.6258574895277977,7.178881508081879,8.038554373751596,False,False,False,0.06666104257504603,False,False,False,False,,,,,,,,False,False,,,,1,0.0,0.0,0.00745209999877261
proposed_gradual_drift_seed42_20260822_221231,42,proposed,gradual_drift,23,7,24,23,False,False,125.0,116.7798530857424,8.220146914257597,67.5708152919787,7.529717894396205,8.330757488776523,False,False,False,0.06991880901939333,False,False,False,False,,,,,,,,False,False,,,,1,0.0,0.0,0.008027699997910531
proposed_gradual_drift_seed42_20260822_221231,42,proposed,gradual_drift,24,7,25,24,False,False,125.0,117.32334414704629,7.676655852953715,58.93104508468853,7.186657094823305,7.949394646717245,False,False,False,0.0667332444519307,False,False,False,False,,,,,,,,False,False,,,,1,0.0,0.0,0.007421599999361206
proposed_gradual_drift_seed42_20260822_221231,42,proposed,gradual_drift,25,7,26,25,False,False,125.0,119.9494961514728,5.0505038485272,25.507589123988055,6.945482932935223,7.764757135467618,True,False,False,0.06449377009154135,False,False,False,False,,,,,,,,False,False,,,,1,0.0,0.0,0.0078088999980536755
proposed_gradual_drift_seed42_20260822_221231,42,proposed,gradual_drift,26,7,27,26,False,False,125.0,115.3396778695441,9.660322130455896,93.32182366417594,7.677121069349253,8.37525036240255,False,False,False,0.07128755278681449,False,False,False,False,,,,,,,,False,False,,,,1,0.0,0.0,0.007939699997223215
proposed_gradual_drift_seed42_20260822_221231,42,proposed,gradual_drift,27,7,28,27,False,False,125.0,105.72418495316359,19.275815046836414,371.55704571984506,9.35439467722215,10.59719190560331,False,False,False,0.08686223628849139,False,False,False,False,,,,,,,,False,False,,,,1,0.0,0.0,0.007724300001427764
proposed_gradual_drift_seed42_20260822_221231,42,proposed,gradual_drift,28,7,29,28,False,False,125.0,119.77495846670989,5.22504153329011,27.301059024606662,8.32026545402275,9.640454034845689,False,False,False,0.0772596077873541,False,False,False,False,,,,,,,,False,False,,,,1,0.0,0.0,0.007691999999224208
proposed_gradual_drift_seed42_20260822_221231,42,proposed,gradual_drift,29,7,30,29,False,False,125.0,118.45584726084665,6.544152739153347,42.82593507336826,7.909135980685278,9.284672654920172,False,False,False,0.07344197696350616,False,False,False,False,,,,,,,,False,False,,,,1,0.0,0.0,0.007638400002178969
proposed_gradual_drift_seed42_20260822_221231,42,proposed,gradual_drift,30,7,31,30,False,False,125.0,119.27089139675755,5.729108603242452,32.822685387746674,8.422718333589591,9.485765641017057,False,False,False,0.07821095595476049,False,False,False,False,,,,,,,,False,False,,,,1,0.0,0.0,0.007519400001910981
proposed_gradual_drift_seed42_20260822_221231,42,proposed,gradual_drift,31,7,32,31,False,False,125.0,120.27347889080042,4.726521109199581,22.340001795709238,7.986015107957339,9.182913378077028,False,False,False,0.07415585457388958,False,False,False,False,,,,,,,,False,False,,,,1,0.0,0.0,0.0076485999998112675
proposed_gradual_drift_seed42_20260822_221231,42,proposed,gradual_drift,32,7,33,32,False,False,125.0,121.65220960940582,3.3477903905941844,11.207700499354761,7.444906925162398,8.852145504684124,False,False,False,0.0691312785907937,False,False,False,False,,,,,,,,False,False,,,,1,0.0,0.0,0.007795100002113031
proposed_gradual_drift_seed42_20260822_221231,42,proposed,gradual_drift,33,7,34,33,False,False,125.0,118.58433393372958,6.415666066270418,41.16077107389374,7.6155522023803,8.96198235770622,False,False,False,0.07071584187924565,False,False,False,False,,,,,,,,False,False,,,,1,0.0,0.0,0.0074784999997064006
proposed_gradual_drift_seed42_20260822_221231,42,proposed,gradual_drift,34,7,35,34,False,False,125.0,118.34728885455316,6.652711145446844,44.25856558475266,7.239600829254169,8.613026211495564,False,False,False,0.06722486484307443,False,False,False,False,,,,,,,,False,False,,,,1,0.0,0.0,0.007549800000560936
proposed_gradual_drift_seed42_20260822_221231,42,proposed,gradual_drift,35,7,36,35,False,False,125.0,115.57498752714778,9.425012472852217,88.83086011341986,6.008250507506144,6.232451148553551,False,False,False,0.055790897569699904,False,False,False,False,,,,,,,,False,False,,,,1,0.0,0.0,0.008305699997436022
proposed_gradual_drift_seed42_20260822_221231,42,proposed,gradual_drift,36,7,37,36,False,False,125.0,121.93840196998619,3.061598030013812,9.373382497384455,5.737820069596607,6.04999898786799,False,False,False,0.05327975778911135,False,False,False,False,,,,,,,,False,False,,,,1,0.0,0.0,0.007995899999514222
proposed_gradual_drift_seed42_20260822_221231,42,proposed,gradual_drift,37,7,38,37,False,False,125.0,120.27717296164536,4.722827038354637,22.305095234213635,5.510154356996768,5.834156560575777,False,False,False,0.05116571902925571,False,False,False,False,,,,,,,,False,False,,,,1,0.0,0.0,0.008304200000566198
proposed_gradual_drift_seed42_20260822_221231,42,proposed,gradual_drift,38,7,39,38,False,False,125.0,104.94851191467343,20.051488085326568,402.0621744359933,7.300451792257283,8.95501641005421,False,False,False,0.06778990949953191,False,False,False,False,,,,,,,,False,False,,,,1,0.0,0.0,0.00961010000173701
proposed_gradual_drift_seed42_20260822_221231,42,proposed,gradual_drift,39,7,40,39,False,False,125.0,119.90297357163061,5.097026428369389,25.979678411496014,7.346764957153509,8.98038298077056,False,False,False,0.08775007841361784,False,False,False,False,,,,,,,,False,False,,,,1,0.0,0.0,0.007636299997102469
proposed_gradual_drift_seed42_20260822_221231,42,proposed,gradual_drift,40,7,41,40,False,False,125.0,114.29126955993938,10.70873044006062,114.67690763788092,8.266882463336813,9.673723656050411,False,False,False,0.08775007841361784,False,False,False,False,,,,,,,,False,False,,,,1,0.0,0.0,0.008707499997399282
proposed_gradual_drift_seed42_20260822_221231,42,proposed,gradual_drift,41,7,42,41,False,False,125.0,105.15922240900018,19.84077759099982,393.65645541552067,9.945021403927989,11.732130663964355,False,False,False,0.35241664899255465,False,False,False,False,,,,,,,,False,False,,,,1,0.0,0.0,0.008103599997411948
proposed_gradual_drift_seed42_20260822_221231,42,proposed,gradual_drift,42,7,43,42,False,False,125.0,119.81578386764322,5.184216132356781,26.8760969069883,9.76145952729173,11.639161539029011,False,False,False,0.4976317140968687,False,False,False,False,,,,,,,,False,False,,,,1,0.0,0.0,0.00798679999934393
proposed_gradual_drift_seed42_20260822_221231,42,proposed,gradual_drift,43,7,44,43,False,False,125.0,120.15766992653171,4.84233007346829,23.44816054041541,9.18862422736874,11.28260802673684,False,False,False,0.4976317140968687,False,False,False,False,,,,,,,,False,False,,,,1,0.0,0.0,0.007501299998693867
proposed_gradual_drift_seed42_20260822_221231,42,proposed,gradual_drift,44,7,45,44,False,False,125.0,122.97182584723316,2.0281741527668373,4.113490393951478,9.059446242712868,11.253433137138972,False,False,False,0.4976317140968687,False,False,False,False,,,,,,,,False,False,,,,1,0.0,0.0,0.008305599996674573
proposed_gradual_drift_seed42_20260822_221231,42,proposed,gradual_drift,45,7,46,45,False,False,125.0,114.00112187031783,10.998878129682168,120.97532011160072,9.84395262912881,11.788703723553784,False,False,False,0.35241664899255465,False,False,False,False,,,,,,,,False,False,,,,1,0.0,0.0,0.007999000001291279
proposed_gradual_drift_seed42_20260822_221231,42,proposed,gradual_drift,46,7,47,46,False,False,125.0,112.70992908831678,12.290070911683216,151.04584301420192,8.87377548242339,10.372872989389533,False,False,False,0.4976317140968687,False,False,False,False,,,,,,,,False,False,,,,1,0.0,0.0,0.007816900000761962
proposed_gradual_drift_seed42_20260822_221231,42,proposed,gradual_drift,47,7,48,47,False,False,125.0,119.80216367201922,5.197836327980781,27.017502492476726,8.886376719874814,10.379124339949373,False,False,False,0.35241664899255465,False,False,False,False,,,,,,,,False,False,,,,1,0.0,0.0,0.007905300000857096
proposed_gradual_drift_seed42_20260822_221231,42,proposed,gradual_drift,48,7,49,48,False,False,125.0,115.81632039892786,9.183679601072143,84.33997101514859,8.695745365001255,10.194807746411307,False,False,False,0.4976317140968687,False,False,False,False,,,,,,,,False,False,,,,1,0.0,0.0,0.007928199996968033
proposed_gradual_drift_seed42_20260822_221231,42,proposed,gradual_drift,49,7,50,49,False,False,125.0,117.42362710297976,7.576372897020235,57.40142627470279,7.162694778253806,7.867796790950167,False,False,False,0.3524166489925547,False,False,False,False,,,,,,,,False,False,,,,1,0.0,0.0,0.008287000000564149
proposed_gradual_drift_seed42_20260822_221231,42,proposed,gradual_drift,50,7,51,50,False,False,125.0,99.91877171499509,25.08122828500491,629.0680122845304,9.649821297334823,11.712225056148746,False,False,False,0.3524166489925547,False,False,False,False,,,,,,,,False,False,,,,1,0.0,0.0,0.007753999998385552
proposed_gradual_drift_seed42_20260822_221231,42,proposed,gradual_drift,51,7,52,51,False,False,125.0,121.45157823269484,3.5484217673051575,12.591297038685058,9.488082759064431,11.654145521150927,True,False,False,0.3524166489925547,False,False,False,False,,,,,,,,False,False,,,,1,0.0,0.0,0.007889500000601402
proposed_gradual_drift_seed42_20260822_221231,42,proposed,gradual_drift,52,7,53,52,False,False,125.0,115.46201436034426,9.537985639655744,90.9731700622792,10.426809194925545,12.111010188531061,False,False,False,0.4976317140968687,False,False,False,False,,,,,,,,False,False,,,,1,0.0,0.0,0.007806500001606764
proposed_gradual_drift_seed42_20260822_221231,42,proposed,gradual_drift,53,7,54,53,False,False,125.0,102.85836722129501,22.141632778704988,490.25190210702317,11.819653526053397,13.886545306019455,False,False,False,0.4976317140968687,False,False,False,False,,,,,,,,False,False,,,,1,0.0,0.0,0.008108500001981156
proposed_gradual_drift_seed42_20260822_221231,42,proposed,gradual_drift,54,7,55,54,False,False,125.0,118.2039841087907,6.796015891209294,46.18583199356925,11.132896648494157,13.406291029160597,False,False,False,0.3524166489925547,False,False,False,False,,,,,,,,False,False,,,,1,0.0,0.0,0.009190900000248803
proposed_gradual_drift_seed42_20260822_221231,42,proposed,gradual_drift,55,7,56,55,False,False,125.0,115.94341765879633,9.056582341203665,82.02168370300205,11.615239900147017,13.66031338622462,False,False,False,0.10785579907279373,False,False,False,False,,,,,,,,False,False,,,,1,0.0,0.0,0.008897899999283254
proposed_gradual_drift_seed42_20260822_221231,42,proposed,gradual_drift,56,7,57,56,False,False,125.0,117.91988473664993,7.080115263350066,50.12803214232258,11.352294357931758,13.502876339904928,False,False,False,0.10541416189508061,False,False,False,False,,,,,,,,False,False,,,,1,0.0,0.0,0.007902400000602938
proposed_gradual_drift_seed42_20260822_221231,42,proposed,gradual_drift,57,7,58,57,False,False,125.0,121.654201117118,3.3457988828819936,11.194370164694396,10.823472606164477,13.287279158541574,False,False,False,0.10050367420009872,False,False,False,False,,,,,,,,False,False,,,,1,0.0,0.0,0.007903600002464373
proposed_gradual_drift_seed42_20260822_221231,42,proposed,gradual_drift,58,7,59,58,False,False,125.0,115.63711192314948,9.362888076850524,87.66367313962971,8.858680080145179,10.434378038191864,False,False,False,0.3524166489925547,False,False,False,False,,,,,,,,False,False,,,,1,0.0,0.0,0.008383800002775388
proposed_gradual_drift_seed42_20260822_221231,42,proposed,gradual_drift,59,7,60,59,False,False,125.0,117.37987469866259,7.62012530133741,58.066309608082555,9.36764302189921,10.703299566725924,False,False,False,0.08775007841361784,False,False,False,False,,,,,,,,False,False,,,,1,0.0,0.0,0.00834739999845624
proposed_gradual_drift_seed42_20260822_221231,42,proposed,gradual_drift,60,7,61,60,False,False,125.0,120.8126805377264,4.1873194622736065,17.533644279135324,8.698809749726443,10.265509285572849,False,False,False,0.08077466196174554,False,False,False,False,,,,,,,,False,False,,,,1,0.0,0.0,0.008093899999948917
proposed_gradual_drift_seed42_20260822_221231,42,proposed,gradual_drift,61,7,62,61,False,False,125.0,117.87364970233246,7.126350297667543,50.784868565066276,6.821899439596763,7.102626394471116,False,False,False,0.06334620908196995,False,False,False,False,,,,,,,,False,False,,,,1,0.0,0.0,0.00794540000060806
proposed_gradual_drift_seed42_20260822_221231,42,proposed,gradual_drift,62,7,63,62,False,False,125.0,120.04164107069535,4.9583589293046515,24.58532327181517,6.592192319358682,6.909937634249568,False,False,False,0.06121321439404492,False,False,False,False,,,,,,,,False,False,,,,1,0.0,0.0,0.007737400002952199
proposed_gradual_drift_seed42_20260822_221231,42,proposed,gradual_drift,63,7,64,63,False,False,125.0,117.3238072056412,7.676192794358798,58.92393581616593,6.419643626003074,6.697762284775714,False,False,False,0.0596109765271714,False,False,False,False,,,,,,,,False,False,,,,1,0.0,0.0,0.008151900001394097
proposed_gradual_drift_seed42_20260822_221231,42,proposed,gradual_drift,64,7,65,64,False,False,125.0,115.90980164870206,9.090198351297943,82.63170606593984,6.670904011996559,6.994496326671146,False,False,False,0.06194410868282519,False,False,False,False,,,,,,,,False,False,,,,1,0.0,0.0,0.008979599999292986
proposed_gradual_drift_seed42_20260822_221231,42,proposed,gradual_drift,65,7,66,65,False,False,125.0,113.42546630594825,11.574533694051752,133.9698302347393,7.699495863392778,8.016851712023353,False,False,False,0.07149531873150437,False,False,False,False,,,,,,,,False,False,,,,1,0.0,0.0,0.007990499998413725
proposed_gradual_drift_seed42_20260822_221231,42,proposed,gradual_drift,66,7,67,66,False,False,125.0,116.09267115752029,8.907328842479714,79.34050710807101,7.642550959096427,7.951698913982277,False,False,False,0.07096654462018111,False,False,False,False,,,,,,,,False,False,,,,1,0.0,0.0,0.008756400002312148
proposed_gradual_drift_seed42_20260822_221231,42,proposed,gradual_drift,67,7,68,67,False,False,125.0,117.85830550409445,7.141694495905554,51.003800272847684,7.582747108417445,7.895992778094631,False,False,False,0.07041122314959056,False,False,False,False,,,,,,,,False,False,,,,1,0.0,0.0,0.007924600002297666
proposed_gradual_drift_seed42_20260822_221231,42,proposed,gradual_drift,68,7,69,68,False,False,125.0,109.34982065044883,15.650179349551166,244.92811367311776,9.01560459432714,9.527382149676288,False,False,False,0.08371632837589486,False,False,False,False,,,,,,,,False,False,,,,1,0.0,0.0,0.00894989999869722
proposed_gradual_drift_seed42_20260822_221231,42,proposed,gradual_drift,69,7,70,69,False,False,125.0,117.73416746808387,7.265832531916132,52.79232238185079,9.033039873608214,9.540542036649093,False,False,False,0.08387822739779056,False,False,False,False,,,,,,,,False,False,,,,1,0.0,0.0,0.008746299998165341
proposed_gradual_drift_seed42_20260822_221231,42,proposed,gradual_drift,70,7,71,70,False,False,125.0,115.31562188333335,9.68437811666665,93.7871795065719,9.623792272028464,9.983595263351425,False,False,False,0.08936378538312145,False,False,False,False,,,,,,,,False,False,,,,1,0.0,0.0,0.008113299998512957
proposed_gradual_drift_seed42_20260822_221231,42,proposed,gradual_drift,71,7,72,71,False,False,125.0,119.71987631346701,5.280123686532988,27.879706145086715,9.324283633550237,9.787320658562695,False,False,False,0.08658263374010934,False,False,False,False,,,,,,,,False,False,,,,1,0.0,0.0,0.00921100000050501
proposed_gradual_drift_seed42_20260822_221231,42,proposed,gradual_drift,72,7,73,72,False,False,125.0,120.26284579468806,4.737154205311938,22.440629964904584,8.780153115301987,9.395092397677562,False,False,False,0.08775007841361784,False,False,False,False,,,,,,,,False,False,,,,1,0.0,0.0,0.008032900001126109
proposed_gradual_drift_seed42_20260822_221231,42,proposed,gradual_drift,73,7,74,73,False,False,125.0,113.65334997217438,11.346650027825618,128.7464668539551,8.75166765702372,9.360279949782523,False,False,False,0.08775007841361784,False,False,False,False,,,,,,,,False,False,,,,1,0.0,0.0,0.007812299998477101
proposed_gradual_drift_seed42_20260822_221231,42,proposed,gradual_drift,74,7,75,74,False,False,125.0,105.84749920507825,19.15250079492175,366.8182866994783,10.032314151078975,11.11528511497688,False,False,False,0.3524166489925547,False,False,False,False,,,,,,,,False,False,,,,1,0.0,0.0,0.008237300000473624
proposed_gradual_drift_seed42_20260822_221231,42,proposed,gradual_drift,75,7,76,75,False,False,125.0,117.66190860128076,7.338091398719243,53.84758537595734,10.056863763930686,11.13126391408969,False,False,False,0.3524166489925547,False,False,False,False,,,,,,,,False,False,,,,1,0.0,0.0,0.009033099999214755
proposed_gradual_drift_seed42_20260822_221231,42,proposed,gradual_drift,76,7,77,76,False,False,125.0,118.87158160695273,6.128418393047269,37.557512000240074,8.866643644367699,9.898672189541665,False,False,False,0.35241664899255465,False,False,False,False,,,,,,,,False,False,,,,1,0.0,0.0,0.009338500000012573
proposed_gradual_drift_seed42_20260822_221231,42,proposed,gradual_drift,77,7,78,77,False,False,125.0,116.6729343845694,8.327065615430598,69.34002176368656,8.999297779807007,10.00260833676572,False,False,False,0.35241664899255465,False,False,False,False,,,,,,,,False,False,,,,1,0.0,0.0,0.0083109000006516
proposed_gradual_drift_seed42_20260822_221231,42,proposed,gradual_drift,78,7,79,78,False,False,125.0,107.37232432135984,17.62767567864016,310.7349498313218,9.992209975053695,11.276996268037372,False,False,False,0.4976317140968687,False,False,False,False,,,,,,,,False,False,,,,1,0.0,0.0,0.008622800000011921
proposed_gradual_drift_seed42_20260822_221231,42,proposed,gradual_drift,79,7,80,79,False,False,125.0,118.39280985292176,6.607190147078242,43.6549616396478,10.158093282621852,11.364090450456162,False,False,False,0.5839324577342665,False,False,False,False,,,,,,,,False,False,,,,1,0.0,0.0,0.007707400000072084
proposed_gradual_drift_seed42_20260822_221231,42,proposed,gradual_drift,80,7,81,80,True,True,125.0,105.11734106664044,19.882658933359565,395.3201262603029,12.051281373627805,13.257167450216269,False,False,False,0.5839324577342665,False,False,False,False,,,,,,,,False,False,,,,1,0.0,0.0,0.008114199998090044
proposed_gradual_drift_seed42_20260822_221231,42,proposed,gradual_drift,81,7,82,81,True,False,125.0,99.39673178738522,25.60326821261478,655.5273431670904,13.83335864672645,15.543490545634068,False,False,False,0.6457802414251609,False,False,False,False,,,,,,,,False,False,,,,1,0.0,0.0,0.008410799997363938
proposed_gradual_drift_seed42_20260822_221231,42,proposed,gradual_drift,82,7,83,82,True,False,125.0,106.7877824747704,18.212217525229605,331.6848671862803,13.715823238014933,15.401572027006395,False,False,False,0.6457802414251609,False,False,False,False,,,,,,,,False,False,,,,1,0.0,0.0,0.008061299999098992
proposed_gradual_drift_seed42_20260822_221231,42,proposed,gradual_drift,83,7,84,83,True,False,125.0,113.32989377975096,11.670106220249039,136.19137919189532,14.257325090706157,15.732177062633708,False,False,False,0.6457802414251609,False,False,False,False,,,,,,,,False,False,,,,1,0.0,0.0,0.00801320000027772
proposed_gradual_drift_seed42_20260822_221231,42,proposed,gradual_drift,84,7,85,84,True,False,125.0,113.89607688938251,11.103923110617487,123.29710844650512,14.879263180402434,16.069189297716335,False,False,False,0.6990643974200583,False,False,False,False,,,,,,,,False,False,,,,1,0.0,0.0,0.008034700000280282
proposed_gradual_drift_seed42_20260822_221231,42,proposed,gradual_drift,85,7,86,85,True,False,125.0,105.28271852453014,19.71728147546986,388.7711887829069,16.303040162907344,17.266955161905177,True,False,False,0.6990643974200583,False,False,False,False,,,,,,,,False,False,,,,1,0.0,0.0,0.008007799999177223
proposed_gradual_drift_seed42_20260822_221231,42,proposed,gradual_drift,86,7,87,86,True,False,125.0,104.75339361424574,20.246606385754262,409.92507013966525,16.630406501296605,17.62232974387288,False,False,False,0.6990643974200583,False,False,False,False,,,,,,,,False,False,,,,1,0.0,0.0,0.007537500001490116
proposed_gradual_drift_seed42_20260822_221231,42,proposed,gradual_drift,87,7,88,87,True,False,125.0,91.95309994196955,33.046900058030445,1092.0976034454527,19.935370240165632,21.014324538930875,False,False,False,0.749828154628174,False,False,False,False,,,,,,,,False,False,,,,1,0.0,0.0,0.007753300000331365
proposed_gradual_drift_seed42_20260822_221231,42,proposed,gradual_drift,88,7,89,88,True,False,125.0,91.70924688006197,33.29075311993803,1108.2742432926639,21.61138201348794,23.03738484413015,False,False,False,0.749828154628174,False,False,False,False,,,,,,,,False,False,,,,1,0.0,0.0,0.007961100000102306
proposed_gradual_drift_seed42_20260822_221231,42,proposed,gradual_drift,89,7,90,89,True,False,125.0,112.18555406695864,12.814445933041355,164.21002457084012,20.012779228541262,21.663481613813282,False,False,False,0.749828154628174,False,False,False,False,,,,,,,,False,False,,,,1,0.0,0.0,0.008312900001328671
proposed_gradual_drift_seed42_20260822_221231,42,proposed,gradual_drift,90,7,91,90,True,False,125.0,97.79160545052407,27.208394549475926,740.2967339599513,21.137301356572053,22.811903010900583,False,False,False,0.749828154628174,False,False,False,False,,,,,,,,False,False,,,,1,0.0,0.0,0.007782799999404233
proposed_gradual_drift_seed42_20260822_221231,42,proposed,gradual_drift,91,7,92,91,True,False,125.0,106.40711473671108,18.59288526328892,345.6953824138263,22.002648736952036,23.378856246221208,False,False,False,0.749828154628174,False,False,False,False,,,,,,,,False,False,,,,1,0.0,0.0,0.008078300001216121
proposed_gradual_drift_seed42_20260822_221231,42,proposed,gradual_drift,92,7,93,92,True,False,125.0,74.26476897481558,50.73523102518442,2574.0636671788357,26.9565622262729,29.204738300882237,False,False,False,0.749828154628174,False,False,False,False,,,,,,,,False,False,,,,1,0.0,0.0,0.008321500001329696
proposed_gradual_drift_seed42_20260822_221231,42,proposed,gradual_drift,93,7,94,93,True,False,125.0,96.76269549953767,28.23730450046233,797.3453654518302,28.021565104396963,30.066401702010054,False,False,False,0.749828154628174,False,False,False,False,,,,,,,,False,False,,,,1,0.0,0.0,0.007871400001022266
proposed_gradual_drift_seed42_20260822_221231,42,proposed,gradual_drift,94,7,95,94,True,False,125.0,101.87942575956993,23.120574240430074,534.5609532072386,28.38081108623144,30.3243795763422,False,False,False,0.749828154628174,False,False,False,False,,,,,,,,False,False,,,,1,0.0,0.0,0.008097399997495813
proposed_gradual_drift_seed42_20260822_221231,42,proposed,gradual_drift,95,7,96,95,True,False,125.0,98.76388181546164,26.236118184538356,688.3338973930641,27.529463352044928,29.480460197112446,False,False,True,0.749828154628174,True,True,True,True,candidate-1,0.0,0.0,19.207642291610803,21.907699719711886,1.0,True,True,False,,,,1,0.11267600000064704,0.0,0.008539399997971486
proposed_gradual_drift_seed42_20260822_221231,42,proposed,gradual_drift,96,7,97,96,True,False,125.0,106.64318339841859,18.356816601581414,336.972715744095,25.66272128725035,27.797209257225088,False,False,False,0.7498281546281741,False,False,False,False,,,,,,,,False,False,,,,1,0.0,0.0,0.008223299999372102
proposed_gradual_drift_seed42_20260822_221231,42,proposed,gradual_drift,97,7,98,97,True,False,125.0,95.73647277484326,29.263527225156736,856.3540256574895,27.71885644876477,29.31216202578362,False,False,False,0.7999745414263962,False,False,False,False,,,,,,,,False,False,,,,1,0.0,0.0,0.008095900000625988
proposed_gradual_drift_seed42_20260822_221231,42,proposed,gradual_drift,98,7,99,98,True,False,125.0,73.9310294606951,51.0689705393049,2608.039751944392,30.70142844749339,33.05557017922768,False,False,False,0.8499970757043834,False,False,False,False,,,,,,,,False,False,,,,1,0.0,0.0,0.008280099998955848
proposed_gradual_drift_seed42_20260822_221231,42,proposed,gradual_drift,99,7,100,99,True,False,125.0,88.85120111365013,36.148798886349866,1306.7356609257693,32.89591765037601,34.82528901083004,False,False,False,0.8999997555542364,False,False,False,False,,,,,,,,False,False,,,,1,0.0,0.0,0.008255699998699129
proposed_gradual_drift_seed42_20260822_221231,42,proposed,gradual_drift,100,7,101,100,True,False,125.0,86.81960688211743,38.18039311788257,1457.742418636055,31.326562911963283,32.76065626052066,False,False,False,0.8999997555542364,False,False,False,False,,,,,,,,False,False,,,,1,0.0,0.0,0.0084151999981259
proposed_gradual_drift_seed42_20260822_221231,42,proposed,gradual_drift,101,7,102,101,True,False,125.0,77.89268736035966,47.10731263964034,2219.0989041288185,33.68531392936053,35.36919268169144,False,False,False,0.8999997555542364,False,False,False,False,,,,,,,,False,False,,,,1,0.0,0.0,0.00798199999917415
proposed_gradual_drift_seed42_20260822_221231,42,proposed,gradual_drift,102,7,103,102,True,False,125.0,80.55257095590247,44.44742904409753,1975.573948630085,36.351170779818965,37.82996716073741,False,False,False,0.8999997555542364,False,False,False,False,,,,,,,,False,False,,,,1,0.0,0.0,0.008169500000803964
proposed_gradual_drift_seed42_20260822_221231,42,proposed,gradual_drift,103,7,104,103,True,False,125.0,92.17407732459871,32.82592267540129,1077.5411994914243,37.17489634117683,38.46761401679036,False,False,False,0.9499999867678932,False,False,False,False,,,,,,,,False,False,,,,1,0.0,0.0,0.007960800001455937
proposed_gradual_drift_seed42_20260822_221231,42,proposed,gradual_drift,104,7,105,104,True,False,125.0,67.13348475822023,57.866515241779766,3348.53358622713,42.113608671201625,43.08366786794209,False,False,False,0.9499999867678932,False,False,False,False,,,,,,,,False,False,,,,1,0.0,0.0,0.007993300001544412
proposed_gradual_drift_seed42_20260822_221231,42,proposed,gradual_drift,105,7,106,105,True,False,125.0,84.67802732111446,40.321972678885544,1625.8614807167924,43.49591435291772,44.185867297559724,False,False,False,0.9499999867678932,False,False,False,False,,,,,,,,False,False,,,,1,0.0,0.0,0.008356300000741612
proposed_gradual_drift_seed42_20260822_221231,42,proposed,gradual_drift,106,7,107,106,True,False,125.0,79.17783405685483,45.822165943145166,2099.6708917211326,42.84006377839776,43.46084170042788,False,False,False,0.9499999867678932,False,False,False,False,,,,,,,,False,False,,,,1,0.0,0.0,0.009131900002103066
proposed_gradual_drift_seed42_20260822_221231,42,proposed,gradual_drift,107,7,108,107,True,False,125.0,74.62287015662045,50.37712984337955,2537.855211256722,44.61860514802647,45.196622717864884,True,False,False,0.9499999867678932,False,False,False,False,,,,,,,,False,False,,,,1,0.0,0.0,0.0083158999987063
proposed_gradual_drift_seed42_20260822_221231,42,proposed,gradual_drift,108,7,109,108,True,False,125.0,94.22015332378402,30.779846676215982,947.398961411364,43.69353684281815,44.48529839113068,True,True,False,0.9499999867678932,True,False,False,False,,,,,,,,False,False,,,,1,0.0,0.0,0.009640200001740595
proposed_gradual_drift_seed42_20260822_221231,42,proposed,gradual_drift,109,7,110,109,True,False,125.0,73.7774850310111,51.222514968988904,2623.7460397482923,44.20793713398672,45.050223805219524,False,False,False,0.4105022733870195,False,False,False,False,,,,,,,,False,False,,,,1,0.0,0.0,0.008344099998794263
proposed_gradual_drift_seed42_20260822_221231,42,proposed,gradual_drift,110,7,111,110,True,False,125.0,78.43085274809339,46.569147251906614,2168.6854757697615,44.47315190996285,45.31734332231787,False,False,False,0.4129649820210836,False,False,False,False,,,,,,,,False,False,,,,1,0.0,0.0,0.008166100000380538
proposed_gradual_drift_seed42_20260822_221231,42,proposed,gradual_drift,111,7,112,111,True,False,125.0,98.23913374850191,26.760866251498086,716.1439625305693,43.71501985697495,44.816146099064795,False,False,False,0.40592518438619596,False,False,False,False,,,,,,,,False,False,,,,1,0.0,0.0,0.007654299999558134
proposed_gradual_drift_seed42_20260822_221231,42,proposed,gradual_drift,112,7,113,112,True,False,125.0,73.63234456508248,51.36765543491752,2638.6360248804117,42.90266238111717,43.81494900150382,False,False,False,0.39838186496751654,False,False,False,False,,,,,,,,False,False,,,,1,0.0,0.0,0.008449400000245078
proposed_gradual_drift_seed42_20260822_221231,42,proposed,gradual_drift,113,7,114,113,True,False,125.0,68.32606229397557,56.67393770602443,3211.935215106338,44.946658009509534,46.0218314803211,False,False,False,0.4173618243740171,False,False,False,False,,,,,,,,False,False,,,,1,0.0,0.0,0.007867200001783203
proposed_gradual_drift_seed42_20260822_221231,42,proposed,gradual_drift,114,7,115,114,True,False,125.0,68.77093574529995,56.22906425470005,3161.7076669591866,46.24752029845389,47.44221295120866,False,False,False,0.4294412599142147,False,False,False,False,,,,,,,,False,False,,,,1,0.0,0.0,0.007797700000082841
proposed_gradual_drift_seed42_20260822_221231,42,proposed,gradual_drift,115,7,116,115,True,False,125.0,73.84287497130694,51.15712502869306,2617.051441201334,46.34501969661808,47.546430974899764,False,False,False,0.4303466114685965,False,False,False,False,,0.0,,43.12735560047746,,,,False,True,passed,promoted,False,2,0.0,21.0,0.00771080000049551
proposed_gradual_drift_seed42_20260822_221231,42,proposed,gradual_drift,116,7,117,116,True,False,125.0,125.0,0.0,0.0,42.49753886209108,46.284319464311956,False,False,False,0.39462000371941724,False,False,False,False,,,,,,,,False,False,,,,2,0.0,0.0,0.008617899999080691
proposed_gradual_drift_seed42_20260822_221231,42,proposed,gradual_drift,117,7,118,117,True,False,125.0,125.0,0.0,0.0,36.09472449096747,42.59424812466995,False,False,False,0.335165298844698,False,False,False,False,,,,,,,,False,False,,,,2,0.0,0.0,0.008200500000384636
proposed_gradual_drift_seed42_20260822_221231,42,proposed,gradual_drift,118,7,119,118,True,False,125.0,125.0,0.0,0.0,30.273581084479144,39.28338438621003,False,False,False,0.2811118243558778,False,False,False,False,,,,,,,,False,False,,,,2,0.0,0.0,0.007978899997397093
proposed_gradual_drift_seed42_20260822_221231,42,proposed,gradual_drift,119,7,120,119,True,False,125.0,125.0,0.0,0.0,26.928472803041885,38.1269759293654,False,False,False,0.25005010459967464,False,False,False,False,,,,,,,,False,False,,,,2,0.0,0.0,0.007598500000312924
proposed_gradual_drift_seed42_20260822_221231,42,proposed,gradual_drift,120,7,121,120,True,False,125.0,125.0,0.0,0.0,20.507515873677193,33.52367507312343,False,False,False,0.19042693311271677,False,False,False,False,,,,,,,,False,False,,,,2,0.0,0.0,0.007515400000556838
proposed_gradual_drift_seed42_20260822_221231,42,proposed,gradual_drift,121,7,122,121,True,False,125.0,125.0,0.0,0.0,13.423273660424138,26.876474629684324,False,False,False,0.12464468398965271,False,False,False,False,,,,,,,,False,False,,,,2,0.0,0.0,0.007605599999806145
proposed_gradual_drift_seed42_20260822_221231,42,proposed,gradual_drift,122,7,123,122,True,False,125.0,125.0,0.0,0.0,6.394640628586632,18.08677500689846,False,False,False,0.4976317140968687,False,False,False,False,,,,,,,,False,False,,,,2,0.0,0.0,0.007839899997634348
proposed_gradual_drift_seed42_20260822_221231,42,proposed,gradual_drift,123,7,124,123,True,False,125.0,125.0,0.0,0.0,0.0,0.0,False,False,False,0.5839324577342665,False,False,False,False,,,,,,,,False,False,,,,2,0.0,0.0,0.007774899997457396
proposed_gradual_drift_seed42_20260822_221231,42,proposed,gradual_drift,124,7,125,124,True,False,125.0,125.0,0.0,0.0,0.0,0.0,True,False,False,0.6457802414251608,False,False,False,False,,,,,,,,False,False,,,,2,0.0,0.0,0.008217899998271605
proposed_gradual_drift_seed42_20260822_221231,42,proposed,gradual_drift,125,7,126,125,True,False,125.0,125.0,0.0,0.0,0.0,0.0,False,False,False,0.6990643974200583,False,False,False,False,,,,,,,,False,False,,,,2,0.0,0.0,0.008195900001737755
proposed_gradual_drift_seed42_20260822_221231,42,proposed,gradual_drift,126,7,127,126,True,False,125.0,125.0,0.0,0.0,0.0,0.0,False,False,False,0.749828154628174,False,False,False,False,,,,,,,,False,False,,,,2,0.0,0.0,0.007939400002214825
proposed_gradual_drift_seed42_20260822_221231,42,proposed,gradual_drift,127,7,128,127,True,False,125.0,125.0,0.0,0.0,0.0,0.0,False,False,False,0.7999745414263962,False,False,False,False,,,,,,,,False,False,,,,2,0.0,0.0,0.009920999997120816
proposed_gradual_drift_seed42_20260822_221231,42,proposed,gradual_drift,128,7,129,128,True,False,125.0,125.0,0.0,0.0,0.0,0.0,False,False,False,0.8499970757043833,False,False,False,False,,,,,,,,False,False,,,,2,0.0,0.0,0.008357900002010865
proposed_gradual_drift_seed42_20260822_221231,42,proposed,gradual_drift,129,7,130,129,True,False,125.0,125.0,0.0,0.0,0.0,0.0,False,False,False,0.8999997555542364,False,False,False,False,,,,,,,,False,False,,,,2,0.0,0.0,0.008054699999775039
proposed_gradual_drift_seed42_20260822_221231,42,proposed,gradual_drift,130,7,131,130,True,False,125.0,125.0,0.0,0.0,0.0,0.0,True,False,False,0.9499999867678931,False,False,False,False,,,,,,,,False,False,,,,2,0.0,0.0,0.008798099999694386
proposed_gradual_drift_seed42_20260822_221231,42,proposed,gradual_drift,131,7,132,131,True,False,125.0,125.0,0.0,0.0,0.0,0.0,False,False,False,0.9999999996517867,False,False,False,False,,,,,,,,False,False,,,,2,0.0,0.0,0.007739200002106372
proposed_gradual_drift_seed42_20260822_221231,42,proposed,gradual_drift,132,7,133,132,True,False,125.0,125.0,0.0,0.0,0.0,0.0,False,False,False,0.9999999996517867,False,False,False,False,,,,,,,,False,False,,,,2,0.0,0.0,0.007525000000896398
proposed_gradual_drift_seed42_20260822_221231,42,proposed,gradual_drift,133,7,134,133,True,False,125.0,125.0,0.0,0.0,0.0,0.0,False,False,False,0.9999999996517867,False,False,False,False,,,,,,,,False,False,,,,2,0.0,0.0,0.007470299999113195
proposed_gradual_drift_seed42_20260822_221231,42,proposed,gradual_drift,134,7,135,134,True,False,124.0,125.0,1.0,1.0,0.125,0.3535533905932738,False,False,False,0.9999999996517867,False,False,False,False,,,,,,,,False,False,,,,2,0.0,0.0,0.007736699997622054
proposed_gradual_drift_seed42_20260822_221231,42,proposed,gradual_drift,135,7,136,135,True,False,123.0,125.0,2.0,4.0,0.375,0.7905694150420949,False,True,False,0.9999999996517867,True,True,True,True,candidate-2,0.08823529411764706,0.3834824944236852,0.08823529411764706,0.3834824944236852,0.0,False,False,False,,gate_rejected:insufficient_improvement_0.0%,,2,0.11302010000144946,0.0,0.0080932999990182
proposed_gradual_drift_seed42_20260822_221231,42,proposed,gradual_drift,136,7,137,136,True,False,122.0,125.0,3.0,9.0,0.75,1.3228756555322954,False,False,False,0.0069642857142857145,False,False,False,False,,,,,,,,False,False,,,,2,0.0,0.0,0.008388799997192109
proposed_gradual_drift_seed42_20260822_221231,42,proposed,gradual_drift,137,7,138,137,True,False,121.0,125.0,4.0,16.0,1.25,1.9364916731037085,False,False,False,0.011607142857142858,False,False,False,False,,,,,,,,False,False,,,,2,0.0,0.0,0.007625700000062352
proposed_gradual_drift_seed42_20260822_221231,42,proposed,gradual_drift,138,7,139,138,True,False,120.0,125.0,5.0,25.0,1.875,2.622022120425379,True,False,False,0.017410714285714286,False,False,False,False,,,,,,,,False,False,,,,2,0.0,0.0,0.007915199999843026
proposed_gradual_drift_seed42_20260822_221231,42,proposed,gradual_drift,139,7,140,139,True,False,119.0,125.0,6.0,36.0,2.625,3.3726843908080104,True,False,False,0.024375,False,False,False,False,,,,,,,,False,False,,,,2,0.0,0.0,0.007797700000082841
proposed_gradual_drift_seed42_20260822_221231,42,proposed,gradual_drift,140,7,141,140,True,False,118.0,125.0,7.0,49.0,3.5,4.183300132670378,False,False,False,0.0325,False,False,False,False,,,,,,,,False,False,,,,2,0.0,0.0,0.007648499999049818
proposed_gradual_drift_seed42_20260822_221231,42,proposed,gradual_drift,141,7,142,141,True,False,117.0,125.0,8.0,64.0,4.5,5.049752469181039,True,False,False,0.04178571428571428,False,False,False,False,,,,,,,,False,False,,,,2,0.0,0.0,0.007422899998346111
proposed_gradual_drift_seed42_20260822_221231,42,proposed,gradual_drift,142,7,143,142,True,False,116.0,125.0,9.0,81.0,5.5,5.958187643906492,False,False,False,0.05107142857142857,False,False,False,False,,,,,,,,False,False,,,,2,0.0,0.0,0.00756560000081663
proposed_gradual_drift_seed42_20260822_221231,42,proposed,gradual_drift,143,7,144,143,True,False,115.0,125.0,10.0,100.0,6.5,6.892024376045111,False,False,False,0.06035714285714286,False,False,False,False,,,,,,,,False,False,,,,2,0.0,0.0,0.007701700000325218
proposed_gradual_drift_seed42_20260822_221231,42,proposed,gradual_drift,144,7,145,144,True,False,114.0,125.0,11.0,121.0,7.5,7.842193570679061,False,False,False,0.06964285714285715,False,False,False,False,,,,,,,,False,False,,,,2,0.0,0.0,0.007925600002636202
proposed_gradual_drift_seed42_20260822_221231,42,proposed,gradual_drift,145,7,146,145,True,False,113.0,125.0,12.0,144.0,8.5,8.803408430829505,False,False,False,0.07892857142857143,False,False,False,False,,,,,,,,False,False,,,,2,0.0,0.0,0.007484999998268904
proposed_gradual_drift_seed42_20260822_221231,42,proposed,gradual_drift,146,7,147,146,True,False,112.0,125.0,13.0,169.0,9.5,9.772410142846033,False,False,False,0.08821428571428572,False,False,False,False,,,,,,,,False,False,,,,2,0.0,0.0,0.009405199998582248
proposed_gradual_drift_seed42_20260822_221231,42,proposed,gradual_drift,147,7,148,147,True,False,111.0,125.0,14.0,196.0,10.5,10.747092630102339,False,False,False,0.0975,False,False,False,False,,,,,,,,False,False,,,,2,0.0,0.0,0.008370499999728054
proposed_gradual_drift_seed42_20260822_221231,42,proposed,gradual_drift,148,7,149,148,True,False,110.0,125.0,15.0,225.0,11.5,11.726039399558575,True,False,False,0.10678571428571429,False,False,False,False,,,,,,,,False,False,,,,2,0.0,0.0,0.008521600000676699
proposed_gradual_drift_seed42_20260822_221231,42,proposed,gradual_drift,149,7,150,149,True,False,109.0,125.0,16.0,256.0,12.5,12.708265027138834,False,False,False,0.645780241425161,False,False,False,False,,,,,,,,False,False,,,,2,0.0,0.0,0.008120900001813425
proposed_gradual_drift_seed42_20260822_221231,42,proposed,gradual_drift,150,7,151,150,True,False,108.0,125.0,17.0,289.0,13.5,13.693063937629153,True,False,False,0.6990643974200584,False,False,False,False,,,,,,,,False,False,,,,2,0.0,0.0,0.007975599997735117
proposed_gradual_drift_seed42_20260822_221231,42,proposed,gradual_drift,151,7,152,151,True,False,107.0,125.0,18.0,324.0,14.5,14.679918255903198,True,False,False,0.6990643974200584,False,False,False,False,,,,,,,,False,False,,,,2,0.0,0.0,0.007617199997184798
proposed_gradual_drift_seed42_20260822_221231,42,proposed,gradual_drift,152,7,153,152,True,False,106.0,125.0,19.0,361.0,15.5,15.668439615992398,True,False,False,0.7498281546281741,False,False,False,False,,,,,,,,False,False,,,,2,0.0,0.0,0.008033800000703195
proposed_gradual_drift_seed42_20260822_221231,42,proposed,gradual_drift,153,7,154,153,True,False,105.0,125.0,20.0,400.0,16.5,16.658331248957683,True,False,False,0.7999745414263962,False,False,False,False,,,,,,,,False,False,,,,2,0.0,0.0,0.007946199999423698
proposed_gradual_drift_seed42_20260822_221231,42,proposed,gradual_drift,154,7,155,154,True,False,104.0,125.0,21.0,441.0,17.5,17.649362594722792,True,False,False,0.8499970757043833,False,False,False,False,,,,,,,,False,False,,,,2,0.0,0.0,0.007987600001797546
proposed_gradual_drift_seed42_20260822_221231,42,proposed,gradual_drift,155,7,156,155,True,False,103.0,125.0,22.0,484.0,18.5,18.641351882307248,False,False,False,0.8499970757043833,False,False,False,False,,,,,,,,False,False,,,,2,0.0,0.0,0.007453900001564762
proposed_gradual_drift_seed42_20260822_221231,42,proposed,gradual_drift,156,7,157,156,True,False,102.0,125.0,23.0,529.0,19.5,19.63415391607186,True,False,False,0.8999997555542364,False,False,False,False,,,,,,,,False,False,,,,2,0.0,0.0,0.007820799997716676
proposed_gradual_drift_seed42_20260822_221231,42,proposed,gradual_drift,157,7,158,157,True,False,101.0,125.0,24.0,576.0,20.5,20.627651344736268,True,True,False,0.9499999867678931,True,False,False,False,,,,,,,,False,False,,,,2,0.0,0.0,0.008219499999540858
proposed_gradual_drift_seed42_20260822_221231,42,proposed,gradual_drift,158,7,159,158,True,False,100.0,125.0,25.0,625.0,21.5,21.621748310439653,True,False,False,0.19964285714285715,False,False,False,False,,,,,,,,False,False,,,,2,0.0,0.0,0.008530300001439173
proposed_gradual_drift_seed42_20260822_221231,42,proposed,gradual_drift,159,7,160,159,True,False,99.0,125.0,26.0,676.0,22.5,22.616365755797283,False,False,True,0.55,True,False,False,False,,,,,,,,False,False,,,,2,0.0,0.0,0.007701700000325218
proposed_gradual_drift_seed42_20260822_221231,42,proposed,gradual_drift,160,7,161,160,True,False,98.0,125.0,27.0,729.0,23.5,23.61143790623519,True,False,False,0.2182142857142857,False,False,False,False,,,,,,,,False,False,,,,2,0.0,0.0,0.0079699999987497
proposed_gradual_drift_seed42_20260822_221231,42,proposed,gradual_drift,161,7,162,161,True,False,97.0,125.0,28.0,784.0,24.5,24.606909598728564,True,False,False,0.22749999999999998,False,False,False,False,,,,,,,,False,False,,,,2,0.0,0.0,0.007561099999293219
proposed_gradual_drift_seed42_20260822_221231,42,proposed,gradual_drift,162,7,163,162,True,False,96.0,125.0,29.0,841.0,25.5,25.602734228984215,True,False,False,0.2367857142857143,False,False,False,False,,,,,,,,False,False,,,,2,0.0,0.0,0.007509200000640703
proposed_gradual_drift_seed42_20260822_221231,42,proposed,gradual_drift,163,7,164,163,True,False,95.0,125.0,30.0,900.0,26.5,26.59887215654077,False,False,False,0.24607142857142858,False,False,False,False,,,,,,,,False,False,,,,2,0.0,0.0,0.0076269000019237865
proposed_gradual_drift_seed42_20260822_221231,42,proposed,gradual_drift,164,7,165,164,True,False,94.0,125.0,31.0,961.0,27.5,27.595289453093258,True,False,False,0.25535714285714284,False,False,False,False,,,,,,,,False,False,,,,2,0.0,0.0,0.0075453000026755035
proposed_gradual_drift_seed42_20260822_221231,42,proposed,gradual_drift,165,7,166,165,True,False,93.0,125.0,32.0,1024.0,28.5,28.591956910991595,True,False,False,0.2646428571428571,False,False,False,False,,,,,,,,False,False,,,,2,0.0,0.0,0.0074793000021600164
proposed_gradual_drift_seed42_20260822_221231,42,proposed,gradual_drift,166,7,167,166,True,False,92.0,125.0,33.0,1089.0,29.5,29.588849251026982,False,False,False,0.27392857142857147,False,False,False,False,,,,,,,,False,False,,,,2,0.0,0.0,0.007532899999205256
proposed_gradual_drift_seed42_20260822_221231,42,proposed,gradual_drift,167,7,168,167,True,False,91.0,125.0,34.0,1156.0,30.5,30.585944484354247,True,False,False,0.28321428571428575,False,False,False,False,,,,,,,,False,False,,,,2,0.0,0.0,0.007349300001806114
proposed_gradual_drift_seed42_20260822_221231,42,proposed,gradual_drift,168,7,169,168,True,False,90.0,125.0,35.0,1225.0,31.5,31.583223394707513,True,False,False,0.29250000000000004,False,False,False,False,,,,,,,,False,False,,,,2,0.0,0.0,0.007627099999808706
proposed_gradual_drift_seed42_20260822_221231,42,proposed,gradual_drift,169,7,170,169,True,False,89.0,125.0,36.0,1296.0,32.5,32.58066911528982,True,False,False,0.3017857142857143,False,False,False,False,,,,,,,,False,False,,,,2,0.0,0.0,0.008137500000884756
proposed_gradual_drift_seed42_20260822_221231,42,proposed,gradual_drift,170,7,171,170,True,False,88.0,125.0,37.0,1369.0,33.5,33.57826678076163,True,False,False,0.3110714285714286,False,False,False,False,,,,,,,,False,False,,,,2,0.0,0.0,0.00865900000280817
proposed_gradual_drift_seed42_20260822_221231,42,proposed,gradual_drift,171,7,172,171,True,False,87.0,125.0,38.0,1444.0,34.5,34.57600323924094,True,False,False,0.5839324577342665,False,False,False,False,,,,,,,,False,False,,,,2,0.0,0.0,0.007597700001497287
proposed_gradual_drift_seed42_20260822_221231,42,proposed,gradual_drift,172,7,173,172,True,False,86.0,125.0,39.0,1521.0,35.5,35.57386681259152,False,False,False,0.5839324577342665,False,False,False,False,,,,,,,,False,False,,,,2,0.0,0.0,0.009216799997375347
proposed_gradual_drift_seed42_20260822_221231,42,proposed,gradual_drift,173,7,174,173,True,False,85.0,125.0,40.0,1600.0,36.5,36.571847095819486,True,False,False,0.5839324577342666,False,False,False,False,,,,,,,,False,False,,,,2,0.0,0.0,0.007694100000662729
proposed_gradual_drift_seed42_20260822_221231,42,proposed,gradual_drift,174,7,175,174,True,False,84.0,125.0,41.0,1681.0,37.5,37.5699347883384,True,False,False,0.6457802414251609,False,False,False,False,,,,,,,,False,False,,,,2,0.0,0.0,0.007594599999720231
proposed_gradual_drift_seed42_20260822_221231,42,proposed,gradual_drift,175,7,176,175,True,False,83.0,125.0,42.0,1764.0,38.5,38.568121551353784,True,False,False,0.6457802414251609,False,False,False,False,,,,,,,,False,False,,,,2,0.0,0.0,0.007529399998020381
proposed_gradual_drift_seed42_20260822_221231,42,proposed,gradual_drift,176,7,177,176,True,False,82.0,125.0,43.0,1849.0,39.5,39.566399886772615,True,False,False,0.6990643974200583,False,False,False,False,,,,,,,,False,False,,,,2,0.0,0.0,0.007518800000980264
proposed_gradual_drift_seed42_20260822_221231,42,proposed,gradual_drift,177,7,178,177,True,False,81.0,125.0,44.0,1936.0,40.5,40.564763033943635,True,True,False,0.749828154628174,True,True,True,True,candidate-3,22.5,25.836021365527625,22.5,25.836021365527625,0.0,False,False,False,,gate_rejected:insufficient_improvement_0.0%,,2,0.1191125999976066,0.0,0.007569900000817142
proposed_gradual_drift_seed42_20260822_221231,42,proposed,gradual_drift,178,7,179,178,True,False,80.0,125.0,45.0,2025.0,41.5,41.563204881240814,True,False,False,0.3853571428571429,False,False,False,False,,,,,,,,False,False,,,,2,0.0,0.0,0.007722400001512142
proposed_gradual_drift_seed42_20260822_221231,42,proposed,gradual_drift,179,7,180,179,True,False,79.0,125.0,46.0,2116.0,42.5,42.561719890060836,True,False,False,0.39464285714285713,False,False,False,False,,,,,,,,False,False,,,,2,0.0,0.0,0.007567699998617172
proposed_gradual_drift_seed42_20260822_221231,42,proposed,gradual_drift,180,7,181,180,False,False,78.0,125.0,47.0,2209.0,43.5,43.560303029249006,False,False,False,0.40392857142857147,False,False,False,False,,,,,,,,False,False,,,,2,0.0,0.0,0.007355099998676451
proposed_gradual_drift_seed42_20260822_221231,42,proposed,gradual_drift,181,7,182,181,False,False,77.0,125.0,48.0,2304.0,44.5,44.55894971832258,False,False,False,0.4132142857142857,False,False,False,False,,,,,,,,False,False,,,,2,0.0,0.0,0.007288699998753145
proposed_gradual_drift_seed42_20260822_221231,42,proposed,gradual_drift,182,7,183,182,False,False,76.0,125.0,49.0,2401.0,45.5,45.557655778145566,False,False,False,0.42250000000000004,False,False,False,False,,,,,,,,False,False,,,,2,0.0,0.0,0.007371399999101413
proposed_gradual_drift_seed42_20260822_221231,42,proposed,gradual_drift,183,7,184,183,False,False,75.0,125.0,50.0,2500.0,46.5,46.55641738793912,False,False,False,0.4317857142857143,False,False,False,False,,,,,,,,False,False,,,,2,0.0,0.0,0.007724800001597032
proposed_gradual_drift_seed42_20260822_221231,42,proposed,gradual_drift,184,7,185,184,False,False,74.0,125.0,51.0,2601.0,47.5,47.55523104769863,False,False,False,0.4410714285714286,False,False,False,False,,,,,,,,False,False,,,,2,0.0,0.0,0.007417400000122143
proposed_gradual_drift_seed42_20260822_221231,42,proposed,gradual_drift,185,7,186,185,False,False,73.0,125.0,52.0,2704.0,48.5,48.55409354524086,False,False,False,0.45035714285714284,False,False,False,False,,,,,,,,False,False,,,,2,0.0,0.0,0.007463699999789242
proposed_gradual_drift_seed42_20260822_221231,42,proposed,gradual_drift,186,7,187,186,False,False,72.0,125.0,53.0,2809.0,49.5,49.553001927229396,False,False,False,0.4596428571428572,False,False,False,False,,,,,,,,False,False,,,,2,0.0,0.0,0.00826519999827724
proposed_gradual_drift_seed42_20260822_221231,42,proposed,gradual_drift,187,7,188,187,False,False,71.0,125.0,54.0,2916.0,50.5,50.55195347362948,False,False,False,0.4689285714285714,False,False,False,False,,,,,,,,False,False,,,,2,0.0,0.0,0.008414299998548813
proposed_gradual_drift_seed42_20260822_221231,42,proposed,gradual_drift,188,7,189,188,False,False,70.0,125.0,55.0,3025.0,51.5,51.55094567512802,False,False,False,0.47821428571428576,False,False,False,False,,,,,,,,False,False,,,,2,0.0,0.0,0.008064799996645888
proposed_gradual_drift_seed42_20260822_221231,42,proposed,gradual_drift,189,7,190,189,False,False,69.0,125.0,56.0,3136.0,52.5,52.54997621312497,False,False,False,0.48750000000000004,False,False,False,False,,,,,,,,False,False,,,,2,0.0,0.0,0.008559400001104223
proposed_gradual_drift_seed42_20260822_221231,42,proposed,gradual_drift,190,7,191,190,False,False,68.0,125.0,57.0,3249.0,53.5,53.549042941961154,False,False,False,0.4967857142857143,False,False,False,False,,,,,,,,False,False,,,,2,0.0,0.0,0.007882300000346731
proposed_gradual_drift_seed42_20260822_221231,42,proposed,gradual_drift,191,7,192,191,False,False,67.0,125.0,58.0,3364.0,54.5,54.54814387309618,False,True,False,0.5839324577342666,True,False,False,False,,,,,,,,False,False,,,,2,0.0,0.0,0.007880600001954008
proposed_gradual_drift_seed42_20260822_221231,42,proposed,gradual_drift,192,7,193,192,False,False,66.0,125.0,59.0,3481.0,55.5,55.54727716099143,False,False,False,0.5153571428571428,False,False,False,False,,,,,,,,False,False,,,,2,0.0,0.0,0.008067999999184394
proposed_gradual_drift_seed42_20260822_221231,42,proposed,gradual_drift,193,7,194,193,False,False,65.0,125.0,60.0,3600.0,56.5,56.54644109048774,False,False,False,0.5246428571428572,False,False,False,False,,,,,,,,False,False,,,,2,0.0,0.0,0.008571099999244325
proposed_gradual_drift_seed42_20260822_221231,42,proposed,gradual_drift,194,7,195,194,False,False,64.0,125.0,61.0,3721.0,57.5,57.54563406549623,False,False,False,0.5339285714285714,False,False,False,False,,,,,,,,False,False,,,,2,0.0,0.0,0.0086548999970546
proposed_gradual_drift_seed42_20260822_221231,42,proposed,gradual_drift,195,7,196,195,False,False,63.0,125.0,62.0,3844.0,58.5,58.54485459884583,False,False,False,0.5432142857142858,False,False,False,False,,,,,,,,False,False,,,,2,0.0,0.0,0.008030099997995421
proposed_gradual_drift_seed42_20260822_221231,42,proposed,gradual_drift,196,7,197,196,False,False,62.0,125.0,63.0,3969.0,59.5,59.54410130315177,False,False,False,0.5525,False,False,False,False,,,,,,,,False,False,,,,2,0.0,0.0,0.007841999999072868
proposed_gradual_drift_seed42_20260822_221231,42,proposed,gradual_drift,197,7,198,197,False,False,61.0,125.0,64.0,4096.0,60.5,60.54337288258724,False,False,False,0.5617857142857143,False,False,False,False,,,,,,,,False,False,,,,2,0.0,0.0,0.007990499998413725
proposed_gradual_drift_seed42_20260822_221231,42,proposed,gradual_drift,198,7,199,198,False,False,60.0,125.0,65.0,4225.0,61.5,61.542668125455855,False,False,False,0.5710714285714286,False,False,False,False,,,,,,,,False,False,,,,2,0.0,0.0,0.007708900000579888
proposed_gradual_drift_seed42_20260822_221231,42,proposed,gradual_drift,199,7,200,199,False,False,59.0,125.0,66.0,4356.0,62.5,62.54198589747531,False,False,False,0.5803571428571429,False,False,False,False,,,,,,,,False,False,,,,2,0.0,0.0,0.007832000002963468
proposed_gradual_drift_seed42_20260822_221231,42,proposed,gradual_drift,200,7,201,200,False,False,58.0,125.0,67.0,4489.0,63.5,63.54132513569417,False,False,False,0.5896428571428571,False,False,False,False,,,,,,,,False,False,,,,2,0.0,0.0,0.007446999999956461
proposed_gradual_drift_seed42_20260822_221231,42,proposed,gradual_drift,201,7,202,201,False,False,57.0,125.0,68.0,4624.0,64.5,64.54068484297328,False,False,False,0.5989285714285714,False,False,False,False,,,,,,,,False,False,,,,2,0.0,0.0,0.008809999999357387
proposed_gradual_drift_seed42_20260822_221231,42,proposed,gradual_drift,202,7,203,202,False,False,56.0,125.0,69.0,4761.0,65.5,65.54006408297141,False,False,False,0.6082142857142857,False,False,False,False,,,,,,,,False,False,,,,2,0.0,0.0,0.007632799999555573
proposed_gradual_drift_seed42_20260822_221231,42,proposed,gradual_drift,203,7,204,203,False,False,55.0,125.0,70.0,4900.0,66.5,66.53946197558258,False,False,False,0.6174999999999999,False,False,False,False,,,,,,,,False,False,,,,2,0.0,0.0,0.007309799999347888
proposed_gradual_drift_seed42_20260822_221231,42,proposed,gradual_drift,204,7,205,204,False,False,54.0,125.0,71.0,5041.0,67.5,67.5388776927778,False,False,False,0.6267857142857143,False,False,False,False,,,,,,,,False,False,,,,2,0.0,0.0,0.007591000001411885
proposed_gradual_drift_seed42_20260822_221231,42,proposed,gradual_drift,205,7,206,205,False,False,53.0,125.0,72.0,5184.0,68.5,68.5383104548106,False,False,False,0.6360714285714286,False,False,False,False,,,,,,,,False,False,,,,2,0.0,0.0,0.007298900000023423
proposed_gradual_drift_seed42_20260822_221231,42,proposed,gradual_drift,206,7,207,206,False,False,52.0,125.0,73.0,5329.0,69.5,69.53775952674921,False,False,False,0.6453571428571429,False,False,False,False,,,,,,,,False,False,,,,2,0.0,0.0,0.007952200001454912
proposed_gradual_drift_seed42_20260822_221231,42,proposed,gradual_drift,207,7,208,207,False,False,51.0,125.0,74.0,5476.0,70.5,70.53722421530351,False,False,False,0.65,False,False,False,False,,,,,,,,False,False,,,,2,0.0,0.0,0.007811399998900015
proposed_gradual_drift_seed42_20260822_221231,42,proposed,gradual_drift,208,7,209,208,False,False,50.0,125.0,75.0,5625.0,71.5,71.53670386591767,False,False,False,0.65,False,False,False,False,,,,,,,,False,False,,,,2,0.0,0.0,0.007634500001586275
proposed_gradual_drift_seed42_20260822_221231,42,proposed,gradual_drift,209,7,210,209,False,False,49.0,125.0,76.0,5776.0,72.5,72.53619786010293,False,False,False,0.65,False,False,False,False,,,,,,,,False,False,,,,2,0.0,0.0,0.00793590000102995
proposed_gradual_drift_seed42_20260822_221231,42,proposed,gradual_drift,210,7,211,210,False,False,48.0,125.0,77.0,5929.0,73.5,73.53570561298777,False,False,False,0.65,False,False,False,False,,,,,,,,False,False,,,,2,0.0,0.0,0.007869100001698826
proposed_gradual_drift_seed42_20260822_221231,42,proposed,gradual_drift,211,7,212,211,False,False,47.0,125.0,78.0,6084.0,74.5,74.53522657106504,False,False,False,0.65,False,False,False,False,,,,,,,,False,False,,,,2,0.0,0.0,0.007806000001437496
proposed_gradual_drift_seed42_20260822_221231,42,proposed,gradual_drift,212,7,213,212,False,False,46.0,125.0,79.0,6241.0,75.5,75.53476021011784,False,False,False,0.65,False,False,False,False,,,,,,,,False,False,,,,2,0.0,0.0,0.007907399998657638
proposed_gradual_drift_seed42_20260822_221231,42,proposed,gradual_drift,213,7,214,213,False,False,45.0,125.0,80.0,6400.0,76.5,76.5343060333077,False,False,False,0.65,False,False,False,False,,,,,,,,False,False,,,,2,0.0,0.0,0.00816820000181906
proposed_gradual_drift_seed42_20260822_221231,42,proposed,gradual_drift,214,7,215,214,False,False,44.0,125.0,81.0,6561.0,77.5,77.53386356941076,False,False,False,0.65,False,False,False,False,,,,,,,,False,False,,,,2,0.0,0.0,0.0155447000033746
proposed_gradual_drift_seed42_20260822_221231,42,proposed,gradual_drift,215,7,216,215,False,False,43.0,125.0,82.0,6724.0,78.5,78.53343237118825,False,False,False,0.65,False,False,False,False,,,,,,,,False,False,,,,2,0.0,0.0,0.010065499998745508
proposed_gradual_drift_seed42_20260822_221231,42,proposed,gradual_drift,216,7,217,216,False,False,42.0,125.0,83.0,6889.0,79.5,79.53301201388012,False,False,False,0.65,False,False,False,False,,,,,,,,False,False,,,,2,0.0,0.0,0.008050699998420896
proposed_gradual_drift_seed42_20260822_221231,42,proposed,gradual_drift,217,7,218,217,False,False,41.0,125.0,84.0,7056.0,80.5,80.53260209381043,False,False,False,0.65,False,False,False,False,,,,,,,,False,False,,,,2,0.0,0.0,0.007567900000140071
proposed_gradual_drift_seed42_20260822_221231,42,proposed,gradual_drift,218,7,219,218,False,False,40.0,125.0,85.0,7225.0,81.5,81.53220222709552,False,False,False,0.65,False,False,False,False,,,,,,,,False,False,,,,2,0.0,0.0,0.007702599999902304
proposed_gradual_drift_seed42_20260822_221231,42,proposed,gradual_drift,219,7,220,219,False,False,39.0,125.0,86.0,7396.0,82.5,82.5318120484459,False,True,False,0.65,True,True,True,True,candidate-4,59.0,61.09828148156051,59.0,61.09828148156051,0.0,False,False,False,,gate_rejected:insufficient_improvement_0.0%,,2,0.10899060000156169,0.0,0.00815370000054827
proposed_gradual_drift_seed42_20260822_221231,42,proposed,gradual_drift,220,7,221,220,False,False,38.0,125.0,87.0,7569.0,83.5,83.5314312100541,False,False,False,0.65,False,False,False,False,,,,,,,,False,False,,,,2,0.0,0.0,0.007856200001697289
proposed_gradual_drift_seed42_20260822_221231,42,proposed,gradual_drift,221,7,222,221,False,False,37.0,125.0,88.0,7744.0,84.5,84.53105938056142,False,False,False,0.65,False,False,False,False,,,,,,,,False,False,,,,2,0.0,0.0,0.007075100002111867
proposed_gradual_drift_seed42_20260822_221231,42,proposed,gradual_drift,222,7,223,222,False,False,36.0,125.0,89.0,7921.0,85.5,85.53069624409707,False,False,False,0.65,False,False,False,False,,,,,,,,False,False,,,,2,0.0,0.0,0.007271900001796894
proposed_gradual_drift_seed42_20260822_221231,42,proposed,gradual_drift,223,7,224,223,False,False,35.0,125.0,90.0,8100.0,86.5,86.53034149938391,False,False,True,0.65,True,False,False,False,,,,,,,,False,False,,,,2,0.0,0.0,0.007050199998047901
proposed_gradual_drift_seed42_20260822_221231,42,proposed,gradual_drift,224,7,225,224,False,False,34.0,125.0,91.0,8281.0,87.5,87.52999485890537,False,False,False,0.65,False,False,False,False,,,,,,,,False,False,,,,2,0.0,0.0,0.007187999999587191
proposed_gradual_drift_seed42_20260822_221231,42,proposed,gradual_drift,225,7,226,225,False,False,33.0,125.0,92.0,8464.0,88.5,88.52965604812887,False,False,False,0.65,False,False,False,False,,,,,,,,False,False,,,,2,0.0,0.0,0.007192000000941334
proposed_gradual_drift_seed42_20260822_221231,42,proposed,gradual_drift,226,7,227,226,False,False,32.0,125.0,93.0,8649.0,89.5,89.52932480478114,False,False,False,0.65,False,False,False,False,,,,,,,,False,False,,,,2,0.0,0.0,0.007106500001100358
proposed_gradual_drift_seed42_20260822_221231,42,proposed,gradual_drift,227,7,228,227,False,False,31.0,125.0,94.0,8836.0,90.5,90.52900087817163,False,False,False,0.65,False,False,False,False,,,,,,,,False,False,,,,2,0.0,0.0,0.007252899999002693
proposed_gradual_drift_seed42_20260822_221231,42,proposed,gradual_drift,228,7,229,228,False,False,30.0,125.0,95.0,9025.0,91.5,91.52868402856014,False,False,False,0.65,False,False,False,False,,,,,,,,False,False,,,,2,0.0,0.0,0.007102899999154033
proposed_gradual_drift_seed42_20260822_221231,42,proposed,gradual_drift,229,7,230,229,False,False,29.0,125.0,96.0,9216.0,92.5,92.5283740265655,False,False,False,0.65,False,False,False,False,,,,,,,,False,False,,,,2,0.0,0.0,0.007173599999077851
proposed_gradual_drift_seed42_20260822_221231,42,proposed,gradual_drift,230,7,231,230,False,False,28.0,125.0,97.0,9409.0,93.5,93.5280706526121,False,False,False,0.65,False,False,False,False,,,,,,,,False,False,,,,2,0.0,0.0,0.0072616999968886375
proposed_gradual_drift_seed42_20260822_221231,42,proposed,gradual_drift,231,7,232,231,False,False,27.0,125.0,98.0,9604.0,94.5,94.52777369641157,False,False,False,0.65,False,False,False,False,,,,,,,,False,False,,,,2,0.0,0.0,0.008291300000564661
proposed_gradual_drift_seed42_20260822_221231,42,proposed,gradual_drift,232,7,233,232,False,False,26.0,125.0,99.0,9801.0,95.5,95.52748295647699,False,False,False,0.65,False,False,False,False,,,,,,,,False,False,,,,2,0.0,0.0,0.007029200001852587
proposed_gradual_drift_seed42_20260822_221231,42,proposed,gradual_drift,233,7,234,233,False,False,25.0,125.0,100.0,10000.0,96.5,96.52719823966714,False,False,False,0.65,False,False,False,False,,,,,,,,False,False,,,,2,0.0,0.0,0.007016600000497419
proposed_gradual_drift_seed42_20260822_221231,42,proposed,gradual_drift,234,7,235,234,False,False,24.0,125.0,101.0,10201.0,97.5,97.52691936075905,False,False,False,0.65,False,False,False,False,,,,,,,,False,False,,,,2,0.0,0.0,0.007388000001810724
proposed_gradual_drift_seed42_20260822_221231,42,proposed,gradual_drift,235,7,236,235,False,False,23.0,125.0,102.0,10404.0,98.5,98.52664614204626,False,False,False,0.65,False,False,False,False,,,,,,,,False,False,,,,2,0.0,0.0,0.007280699999682838
proposed_gradual_drift_seed42_20260822_221231,42,proposed,gradual_drift,236,7,237,236,False,False,22.0,125.0,103.0,10609.0,99.5,99.52637841296145,False,False,False,0.65,False,False,False,False,,,,,,,,False,False,,,,2,0.0,0.0,0.00789710000026389
proposed_gradual_drift_seed42_20260822_221231,42,proposed,gradual_drift,237,7,238,237,False,False,21.0,125.0,104.0,10816.0,100.5,100.52611600972158,False,False,False,0.65,False,False,False,False,,,,,,,,False,False,,,,2,0.0,0.0,0.007668799997190945
proposed_gradual_drift_seed42_20260822_221231,42,proposed,gradual_drift,238,7,239,238,False,False,20.0,125.0,105.0,11025.0,101.5,101.52585877499386,False,False,False,0.6990643974200584,False,False,False,False,,,,,,,,False,False,,,,2,0.0,0.0,0.0073781000028247945
proposed_gradual_drift_seed42_20260822_221231,42,proposed,gradual_drift,239,7,240,239,False,False,19.0,125.0,106.0,11236.0,102.5,102.52560655758151,False,True,False,0.6990643974200584,True,False,False,False,,,,,,,,False,False,,,,2,0.0,0.0,0.007643099997949321
proposed_gradual_drift_seed42_20260822_221231,42,proposed,gradual_drift,240,7,241,240,False,False,18.0,125.0,107.0,11449.0,103.5,103.52535921212734,True,False,False,0.65,False,False,False,False,,,,,,,,False,False,,,,2,0.0,0.0,0.008810700001049554
proposed_gradual_drift_seed42_20260822_221231,42,proposed,gradual_drift,241,7,242,241,False,False,17.0,125.0,108.0,11664.0,104.5,104.52511659883476,False,False,False,0.65,False,False,False,False,,,,,,,,False,False,,,,2,0.0,0.0,0.008697799999936251
proposed_gradual_drift_seed42_20260822_221231,42,proposed,gradual_drift,242,7,243,242,False,False,16.0,125.0,109.0,11881.0,105.5,105.52487858320426,False,False,False,0.65,False,False,False,False,,,,,,,,False,False,,,,2,0.0,0.0,0.007905799997388385
proposed_gradual_drift_seed42_20260822_221231,42,proposed,gradual_drift,243,7,244,243,False,False,15.0,125.0,110.0,12100.0,106.5,106.52464503578503,True,False,False,0.65,False,False,False,False,,,,,,,,False,False,,,,2,0.0,0.0,0.008159500001056585
proposed_gradual_drift_seed42_20260822_221231,42,proposed,gradual_drift,244,7,245,244,False,False,14.0,125.0,111.0,12321.0,107.5,107.52441583194023,True,False,False,0.65,False,False,False,False,,,,,,,,False,False,,,,2,0.0,0.0,0.008228499998949701
proposed_gradual_drift_seed42_20260822_221231,42,proposed,gradual_drift,245,7,246,245,False,False,13.0,125.0,112.0,12544.0,108.5,108.52419085162533,False,False,False,0.65,False,False,False,False,,,,,,,,False,False,,,,2,0.0,0.0,0.008541100000002189
proposed_gradual_drift_seed42_20260822_221231,42,proposed,gradual_drift,246,7,247,246,False,False,12.0,125.0,113.0,12769.0,109.5,109.52396997917853,True,False,False,0.65,False,False,False,False,,,,,,,,False,False,,,,2,0.0,0.0,0.008275899999716785
proposed_gradual_drift_seed42_20260822_221231,42,proposed,gradual_drift,247,7,248,247,False,False,11.0,125.0,114.0,12996.0,110.5,110.52375310312259,True,False,False,0.65,False,False,False,False,,,,,,,,False,False,,,,2,0.0,0.0,0.008305300001666183
proposed_gradual_drift_seed42_20260822_221231,42,proposed,gradual_drift,248,7,249,248,False,False,10.0,125.0,115.0,13225.0,111.5,111.52354011597731,True,False,False,0.65,False,False,False,False,,,,,,,,False,False,,,,2,0.0,0.0,0.0075083999981870875
proposed_gradual_drift_seed42_20260822_221231,42,proposed,gradual_drift,249,7,250,249,False,False,9.0,125.0,116.0,13456.0,112.5,112.523330914082,True,False,False,0.65,False,False,False,False,,,,,,,,False,False,,,,2,0.0,0.0,0.007103899999492569
proposed_gradual_drift_seed42_20260822_221231,42,proposed,gradual_drift,250,7,251,250,False,False,8.0,125.0,117.0,13689.0,113.5,113.52312539742728,True,False,False,0.65,False,False,False,False,,,,,,,,False,False,,,,2,0.0,0.0,0.007008500000665663
proposed_gradual_drift_seed42_20260822_221231,42,proposed,gradual_drift,251,7,252,251,False,False,7.0,125.0,118.0,13924.0,114.5,114.52292346949584,True,False,False,0.65,False,False,False,False,,,,,,,,False,False,,,,2,0.0,0.0,0.00708189999932074
proposed_gradual_drift_seed42_20260822_221231,42,proposed,gradual_drift,252,7,253,252,False,False,6.0,125.0,119.0,14161.0,115.5,115.5227250371112,True,False,False,0.65,False,False,False,False,,,,,,,,False,False,,,,2,0.0,0.0,0.0072623000014573336
proposed_gradual_drift_seed42_20260822_221231,42,proposed,gradual_drift,253,7,254,253,False,False,5.0,125.0,120.0,14400.0,116.5,116.52253001029457,True,False,False,0.65,False,False,False,False,,,,,,,,False,False,,,,2,0.0,0.0,0.0073932000013883226
proposed_gradual_drift_seed42_20260822_221231,42,proposed,gradual_drift,254,7,255,254,False,False,4.0,125.0,121.0,14641.0,117.5,117.52233830212876,True,False,False,0.6990643974200584,False,False,False,False,,,,,,,,False,False,,,,2,0.0,0.0,0.007123000003048219
proposed_gradual_drift_seed42_20260822_221231,42,proposed,gradual_drift,255,7,256,255,False,False,3.0,125.0,122.0,14884.0,118.5,118.52214982862908,True,True,False,0.749828154628174,True,True,True,True,candidate-5,91.66949999999999,93.23111213985025,92.5,94.10720836719506,0.008978378378378539,False,False,False,,gate_rejected:insufficient_improvement_0.9%,,2,0.16120470000169007,0.0,0.007323400001041591
proposed_gradual_drift_seed42_20260822_221231,42,proposed,gradual_drift,256,7,257,256,False,False,2.0,125.0,123.0,15129.0,119.5,119.52196450862075,True,False,False,0.65,False,False,False,False,,,,,,,,False,False,,,,2,0.0,0.0,0.009091899999475572
proposed_gradual_drift_seed42_20260822_221231,42,proposed,gradual_drift,257,7,258,257,False,False,1.0,125.0,124.0,15376.0,120.5,120.52178226362237,True,False,False,0.65,False,False,False,False,,,,,,,,False,False,,,,2,0.0,0.0,0.008534000000508968
proposed_gradual_drift_seed42_20260822_221231,42,proposed,gradual_drift,258,7,259,258,False,False,0.0,125.0,125.0,15625.0,121.5,121.52160301773507,True,False,False,0.65,False,False,False,False,,,,,,,,False,False,,,,2,0.0,0.0,0.008201499997085193
proposed_gradual_drift_seed42_20260822_221231,42,proposed,gradual_drift,259,9,1,259,False,False,125.0,125.0,0.0,0.0,106.75,114.13588392788658,False,False,False,0.65,False,False,False,False,,,,,,,,False,False,,,,2,0.0,0.0,0.008234299999458017
proposed_gradual_drift_seed42_20260822_221231,42,proposed,gradual_drift,260,9,2,260,False,False,125.0,125.0,0.0,0.0,91.875,106.09842128891457,False,False,False,0.65,False,False,False,False,,,,,,,,False,False,,,,2,0.0,0.0,0.008256099998106947
proposed_gradual_drift_seed42_20260822_221231,42,proposed,gradual_drift,261,9,3,261,False,False,125.0,125.0,0.0,0.0,76.875,97.24646523139029,False,False,False,0.65,False,False,False,False,,,,,,,,False,False,,,,2,0.0,0.0,0.007581199999549426
proposed_gradual_drift_seed42_20260822_221231,42,proposed,gradual_drift,262,9,4,262,False,False,125.0,125.0,0.0,0.0,61.75,87.33126587883632,False,False,False,0.5733928571428571,False,False,False,False,,,,,,,,False,False,,,,2,0.0,0.0,0.007887100000516511
proposed_gradual_drift_seed42_20260822_221231,42,proposed,gradual_drift,263,9,5,263,False,False,125.0,125.0,0.0,0.0,46.5,75.93582817089704,True,False,False,0.4317857142857143,False,False,False,False,,,,,,,,False,False,,,,2,0.0,0.0,0.008115799999359297
proposed_gradual_drift_seed42_20260822_221231,42,proposed,gradual_drift,264,9,6,264,False,False,125.0,125.0,0.0,0.0,31.125,62.25050200600795,False,False,False,0.28901785714285716,False,False,False,False,,,,,,,,False,False,,,,2,0.0,0.0,0.0075919000009889714
proposed_gradual_drift_seed42_20260822_221231,42,proposed,gradual_drift,265,9,7,265,False,False,125.0,125.0,0.0,0.0,15.625,44.19417382415922,False,False,False,0.14508928571428573,False,False,False,False,,,,,,,,False,False,,,,2,0.0,0.0,0.007254500000271946
proposed_gradual_drift_seed42_20260822_221231,42,proposed,gradual_drift,266,9,8,266,False,False,125.0,125.0,0.0,0.0,0.0,0.0,True,False,False,0.0,False,False,False,False,,,,,,,,False,False,,,,2,0.0,0.0,0.00721490000069025
proposed_gradual_drift_seed42_20260822_221231,42,proposed,gradual_drift,267,9,9,267,False,False,125.0,125.0,0.0,0.0,0.0,0.0,False,False,False,0.0,False,False,False,False,,,,,,,,False,False,,,,2,0.0,0.0,0.008396700002776925
proposed_gradual_drift_seed42_20260822_221231,42,proposed,gradual_drift,268,9,10,268,False,False,125.0,125.0,0.0,0.0,0.0,0.0,False,False,False,0.0,False,False,False,False,,,,,,,,False,False,,,,2,0.0,0.0,0.007251300001371419
proposed_gradual_drift_seed42_20260822_221231,42,proposed,gradual_drift,269,9,11,269,False,False,125.0,125.0,0.0,0.0,0.0,0.0,False,False,False,0.4976317140968687,False,False,False,False,,,,,,,,False,False,,,,2,0.0,0.0,0.007492600001569372
proposed_gradual_drift_seed42_20260822_221231,42,proposed,gradual_drift,270,9,12,270,False,False,125.0,125.0,0.0,0.0,0.0,0.0,False,True,False,0.5839324577342666,True,False,False,False,,,,,,,,False,False,,,,2,0.0,0.0,0.00744969999868772
proposed_gradual_drift_seed42_20260822_221231,42,proposed,gradual_drift,271,9,13,271,False,False,125.0,125.0,0.0,0.0,0.0,0.0,False,False,False,0.0,False,False,False,False,,,,,,,,False,False,,,,2,0.0,0.0,0.007103299998561852
proposed_gradual_drift_seed42_20260822_221231,42,proposed,gradual_drift,272,9,14,272,False,False,125.0,125.0,0.0,0.0,0.0,0.0,False,False,False,0.0,False,False,False,False,,,,,,,,False,False,,,,2,0.0,0.0,0.007391700000880519
proposed_gradual_drift_seed42_20260822_221231,42,proposed,gradual_drift,273,9,15,273,False,False,125.0,125.0,0.0,0.0,0.0,0.0,False,False,False,0.0,False,False,False,False,,,,,,,,False,False,,,,2,0.0,0.0,0.008318999996845378
proposed_gradual_drift_seed42_20260822_221231,42,proposed,gradual_drift,274,9,16,274,False,False,125.0,125.0,0.0,0.0,0.0,0.0,False,False,False,0.0,False,False,False,False,,,,,,,,False,False,,,,2,0.0,0.0,0.007043599998723948
proposed_gradual_drift_seed42_20260822_221231,42,proposed,gradual_drift,275,9,17,275,False,False,125.0,125.0,0.0,0.0,0.0,0.0,False,False,False,0.0,False,False,False,False,,,,,,,,False,False,,,,2,0.0,0.0,0.007150800000090385
proposed_gradual_drift_seed42_20260822_221231,42,proposed,gradual_drift,276,9,18,276,False,False,125.0,125.0,0.0,0.0,0.0,0.0,False,False,False,0.0,False,False,False,False,,,,,,,,False,False,,,,2,0.0,0.0,0.0071898999995028134
proposed_gradual_drift_seed42_20260822_221231,42,proposed,gradual_drift,277,9,19,277,False,False,125.0,125.0,0.0,0.0,0.0,0.0,False,False,False,0.0,False,False,False,False,,,,,,,,False,False,,,,2,0.0,0.0,0.007170300003053853
proposed_gradual_drift_seed42_20260822_221231,42,proposed,gradual_drift,278,9,20,278,False,False,125.0,125.0,0.0,0.0,0.0,0.0,True,False,False,0.0,False,False,False,False,,,,,,,,False,False,,,,2,0.0,0.0,0.007547499997599516
proposed_gradual_drift_seed42_20260822_221231,42,proposed,gradual_drift,279,9,21,279,False,False,125.0,125.0,0.0,0.0,0.0,0.0,True,False,False,0.0,False,False,False,False,,,,,,,,False,False,,,,2,0.0,0.0,0.007444599999871571
proposed_gradual_drift_seed42_20260822_221231,42,proposed,gradual_drift,280,9,22,280,False,False,125.0,125.0,0.0,0.0,0.0,0.0,False,False,False,0.0,False,False,False,False,,,,,,,,False,False,,,,2,0.0,0.0,0.00752450000072713
proposed_gradual_drift_seed42_20260822_221231,42,proposed,gradual_drift,281,9,23,281,False,False,125.0,125.0,0.0,0.0,0.0,0.0,False,False,False,0.0,False,False,False,False,,,,,,,,False,False,,,,2,0.0,0.0,0.007450999997672625
proposed_gradual_drift_seed42_20260822_221231,42,proposed,gradual_drift,282,9,24,282,False,False,125.0,125.0,0.0,0.0,0.0,0.0,True,False,False,0.0,False,False,False,False,,,,,,,,False,False,,,,2,0.0,0.0,0.0075800000013259705
proposed_gradual_drift_seed42_20260822_221231,42,proposed,gradual_drift,283,9,25,283,False,False,125.0,125.0,0.0,0.0,0.0,0.0,False,False,False,0.0,False,False,False,False,,,,,,,,False,False,,,,2,0.0,0.0,0.007568599998194259
proposed_gradual_drift_seed42_20260822_221231,42,proposed,gradual_drift,284,9,26,284,False,False,125.0,125.0,0.0,0.0,0.0,0.0,False,False,False,0.08775007841361784,False,False,False,False,,,,,,,,False,False,,,,2,0.0,0.0,0.0075144999973417725
proposed_gradual_drift_seed42_20260822_221231,42,proposed,gradual_drift,285,9,27,285,False,False,125.0,125.0,0.0,0.0,0.0,0.0,True,False,False,0.35241664899255465,False,False,False,False,,,,,,,,False,False,,,,2,0.0,0.0,0.007682500003284076
proposed_gradual_drift_seed42_20260822_221231,42,proposed,gradual_drift,286,9,28,286,False,False,125.0,125.0,0.0,0.0,0.0,0.0,False,False,False,0.35241664899255465,False,False,False,False,,,,,,,,False,False,,,,2,0.0,0.0,0.007674599997699261
proposed_gradual_drift_seed42_20260822_221231,42,proposed,gradual_drift,287,9,29,287,False,False,125.0,125.0,0.0,0.0,0.0,0.0,False,False,True,0.55,True,True,True,True,candidate-6,0.34310344827586214,1.267793358556511,0.0,0.0,,False,False,False,,gate_rejected:production_mae_near_zero,,2,0.20612729999993462,0.0,0.007512799998949049
proposed_gradual_drift_seed42_20260822_221231,42,proposed,gradual_drift,288,9,30,288,False,False,125.0,125.0,0.0,0.0,0.0,0.0,False,False,False,0.35241664899255465,False,False,False,False,,,,,,,,False,False,,,,2,0.0,0.0,0.00747620000038296
proposed_gradual_drift_seed42_20260822_221231,42,proposed,gradual_drift,289,9,31,289,False,False,125.0,125.0,0.0,0.0,0.0,0.0,False,False,False,0.4976317140968687,False,False,False,False,,,,,,,,False,False,,,,2,0.0,0.0,0.007680999999138294
proposed_gradual_drift_seed42_20260822_221231,42,proposed,gradual_drift,290,9,32,290,False,False,125.0,125.0,0.0,0.0,0.0,0.0,False,False,False,0.5839324577342665,False,False,False,False,,,,,,,,False,False,,,,2,0.0,0.0,0.008531999999831896
proposed_gradual_drift_seed42_20260822_221231,42,proposed,gradual_drift,291,9,33,291,False,False,125.0,125.0,0.0,0.0,0.0,0.0,True,False,False,0.5839324577342665,False,False,False,False,,,,,,,,False,False,,,,2,0.0,0.0,0.0075893000030191615
proposed_gradual_drift_seed42_20260822_221231,42,proposed,gradual_drift,292,9,34,292,False,False,125.0,125.0,0.0,0.0,0.0,0.0,False,False,False,0.4976317140968687,False,False,False,False,,,,,,,,False,False,,,,2,0.0,0.0,0.007522800002334407
proposed_gradual_drift_seed42_20260822_221231,42,proposed,gradual_drift,293,9,35,293,False,False,125.0,125.0,0.0,0.0,0.0,0.0,False,False,False,0.4976317140968687,False,False,False,False,,,,,,,,False,False,,,,2,0.0,0.0,0.007465200000297045
proposed_gradual_drift_seed42_20260822_221231,42,proposed,gradual_drift,294,9,36,294,False,False,125.0,125.0,0.0,0.0,0.0,0.0,False,False,False,0.5839324577342666,False,False,False,False,,,,,,,,False,False,,,,2,0.0,0.0,0.007508300001063617
proposed_gradual_drift_seed42_20260822_221231,42,proposed,gradual_drift,295,9,37,295,False,False,125.0,125.0,0.0,0.0,0.0,0.0,False,False,False,0.5839324577342666,False,False,False,False,,,,,,,,False,False,,,,2,0.0,0.0,0.007449200002156431
proposed_gradual_drift_seed42_20260822_221231,42,proposed,gradual_drift,296,9,38,296,False,False,125.0,125.0,0.0,0.0,0.0,0.0,False,False,False,0.645780241425161,False,False,False,False,,,,,,,,False,False,,,,2,0.0,0.0,0.007449499997164821
proposed_gradual_drift_seed42_20260822_221231,42,proposed,gradual_drift,297,9,39,297,False,False,125.0,125.0,0.0,0.0,0.0,0.0,False,False,False,0.645780241425161,False,False,False,False,,,,,,,,False,False,,,,2,0.0,0.0,0.007911400000011781
proposed_gradual_drift_seed42_20260822_221231,42,proposed,gradual_drift,298,9,40,298,False,False,125.0,125.0,0.0,0.0,0.0,0.0,False,False,False,0.645780241425161,False,False,False,False,,,,,,,,False,False,,,,2,0.0,0.0,0.0073697999978321604
proposed_gradual_drift_seed42_20260822_221231,42,proposed,gradual_drift,299,9,41,299,False,False,125.0,125.0,0.0,0.0,0.0,0.0,False,False,False,0.6990643974200583,False,False,False,False,,,,,,,,False,False,,,,2,0.0,0.0,0.007085600002028514
proposed_gradual_drift_seed42_20260822_221231,42,proposed,gradual_drift,300,9,42,300,False,False,125.0,125.0,0.0,0.0,0.0,0.0,False,False,False,0.645780241425161,False,False,False,False,,,,,,,,False,False,,,,2,0.0,0.0,0.0070500000001629815
proposed_gradual_drift_seed42_20260822_221231,42,proposed,gradual_drift,301,9,43,301,False,False,125.0,125.0,0.0,0.0,0.0,0.0,False,False,False,0.645780241425161,False,False,False,False,,,,,,,,False,False,,,,2,0.0,0.0,0.007174200000008568
proposed_gradual_drift_seed42_20260822_221231,42,proposed,gradual_drift,302,9,44,302,False,False,125.0,125.0,0.0,0.0,0.0,0.0,False,False,False,0.645780241425161,False,False,False,False,,,,,,,,False,False,,,,2,0.0,0.0,0.007547299999714596
proposed_gradual_drift_seed42_20260822_221231,42,proposed,gradual_drift,303,9,45,303,False,False,125.0,125.0,0.0,0.0,0.0,0.0,True,False,False,0.5839324577342666,False,False,False,False,,,,,,,,False,False,,,,2,0.0,0.0,0.007117599998309743
proposed_gradual_drift_seed42_20260822_221231,42,proposed,gradual_drift,304,9,46,304,False,False,125.0,125.0,0.0,0.0,0.0,0.0,False,False,False,0.5839324577342666,False,False,False,False,,,,,,,,False,False,,,,2,0.0,0.0,0.008014500002900604
proposed_gradual_drift_seed42_20260822_221231,42,proposed,gradual_drift,305,9,47,305,False,False,125.0,125.0,0.0,0.0,0.0,0.0,True,False,False,0.5839324577342666,False,False,False,False,,,,,,,,False,False,,,,2,0.0,0.0,0.007754099999147002
proposed_gradual_drift_seed42_20260822_221231,42,proposed,gradual_drift,306,9,48,306,False,False,125.0,125.0,0.0,0.0,0.0,0.0,True,False,False,0.5839324577342666,False,False,False,False,,,,,,,,False,False,,,,2,0.0,0.0,0.007799800001521362
proposed_gradual_drift_seed42_20260822_221231,42,proposed,gradual_drift,307,9,49,307,False,False,125.0,125.0,0.0,0.0,0.0,0.0,False,False,False,0.4976317140968687,False,False,False,False,,,,,,,,False,False,,,,2,0.0,0.0,0.008477100000163773
proposed_gradual_drift_seed42_20260822_221231,42,proposed,gradual_drift,308,9,50,308,False,False,125.0,125.0,0.0,0.0,0.0,0.0,False,False,False,0.4976317140968687,False,False,False,False,,,,,,,,False,False,,,,2,0.0,0.0,0.007221399999252753
proposed_gradual_drift_seed42_20260822_221231,42,proposed,gradual_drift,309,9,51,309,False,False,125.0,125.0,0.0,0.0,0.0,0.0,False,False,False,0.4976317140968687,False,False,False,False,,,,,,,,False,False,,,,2,0.0,0.0,0.006933600001502782
proposed_gradual_drift_seed42_20260822_221231,42,proposed,gradual_drift,310,9,52,310,False,False,125.0,125.0,0.0,0.0,0.0,0.0,False,False,False,0.5839324577342666,False,False,False,False,,,,,,,,False,False,,,,2,0.0,0.0,0.006967799999983981
proposed_gradual_drift_seed42_20260822_221231,42,proposed,gradual_drift,311,9,53,311,False,False,125.0,125.0,0.0,0.0,0.0,0.0,False,False,False,0.5839324577342666,False,False,False,False,,,,,,,,False,False,,,,2,0.0,0.0,0.00699470000108704
proposed_gradual_drift_seed42_20260822_221231,42,proposed,gradual_drift,312,9,54,312,False,False,125.0,125.0,0.0,0.0,0.0,0.0,False,False,False,0.5839324577342666,False,False,False,False,,,,,,,,False,False,,,,2,0.0,0.0,0.007583500002510846
proposed_gradual_drift_seed42_20260822_221231,42,proposed,gradual_drift,313,9,55,313,False,False,125.0,125.0,0.0,0.0,0.0,0.0,False,False,False,0.5839324577342666,False,False,False,False,,,,,,,,False,False,,,,2,0.0,0.0,0.007884499998908723
proposed_gradual_drift_seed42_20260822_221231,42,proposed,gradual_drift,314,9,56,314,False,False,125.0,125.0,0.0,0.0,0.0,0.0,True,False,False,0.4976317140968687,False,False,False,False,,,,,,,,False,False,,,,2,0.0,0.0,0.008044499998504762
proposed_gradual_drift_seed42_20260822_221231,42,proposed,gradual_drift,315,9,57,315,False,False,125.0,125.0,0.0,0.0,0.0,0.0,False,False,False,0.4976317140968687,False,False,False,False,,,,,,,,False,False,,,,2,0.0,0.0,0.007615400001668604
proposed_gradual_drift_seed42_20260822_221231,42,proposed,gradual_drift,316,9,58,316,False,False,125.0,125.0,0.0,0.0,0.0,0.0,False,False,False,0.4976317140968687,False,False,False,False,,,,,,,,False,False,,,,2,0.0,0.0,0.008225400000810623
proposed_gradual_drift_seed42_20260822_221231,42,proposed,gradual_drift,317,9,59,317,False,False,125.0,125.0,0.0,0.0,0.0,0.0,False,False,False,0.35241664899255465,False,False,False,False,,,,,,,,False,False,,,,2,0.0,0.0,0.008621599998150486
proposed_gradual_drift_seed42_20260822_221231,42,proposed,gradual_drift,318,9,60,318,False,False,125.0,125.0,0.0,0.0,0.0,0.0,False,False,False,0.35241664899255465,False,False,False,False,,,,,,,,False,False,,,,2,0.0,0.0,0.008752399997320026
proposed_gradual_drift_seed42_20260822_221231,42,proposed,gradual_drift,319,9,61,319,False,False,125.0,125.0,0.0,0.0,0.0,0.0,False,False,False,0.35241664899255465,False,False,False,False,,,,,,,,False,False,,,,2,0.0,0.0,0.0073623000025691
